movie_name,director_id,genre_id,budget,revenue,runtime,year,country_id,clasificacion_id
inception,0,0,160000000,825500000,148.0,2010,0,0
the dark knight,0,0,185000000,1001921825,152.0,2008,0,0
batman begins,0,0,150000000,374218673,140.0,2005,0,0
jupiter ascending,1,0,176000003,183987723,127.0,2015,0,0
indiana jones and the last crusade,5,0,48000000,474171806,127.0,1989,0,0
minority report,5,0,102000000,358372926,145.0,2002,0,0
war horse,5,0,66000000,177584879,146.0,2011,0,0
indiana jones and the kingdom of the crystal skull,5,0,185000000,786636033,122.0,2008,0,0
the brothers grimm,9,0,88000000,105316267,118.0,2005,0,0
scott pilgrim vs. the world,30,0,60000000,47664559,112.0,2010,0,0
the mask of zorro,50,0,95000000,250288523,136.0,1998,0,0
cloverfield,58,0,25000000,170764026,85.0,2008,0,0
austin powers: the spy who shagged me,73,0,33000000,310940086,95.0,1999,0,0
austin powers in goldmember,73,0,63000000,296633907,94.0,2002,0,0
2012,75,0,200000000,769653595,158.0,2009,0,0
the other guys,91,0,100000000,170432927,107.0,2010,0,0
transformers: dark of the moon,93,0,195000000,1123746996,154.0,2011,0,0
the island,93,0,126000000,162949164,136.0,2006,0,0
pirates of the caribbean: the curse of the black pearl,94,0,140000000,655011224,143.0,2003,0,0
pirates of the caribbean: dead man's chest,94,0,200000000,1065659812,151.0,2006,0,0
pirates of the caribbean: at world's end,94,0,300000000,961000000,169.0,2007,0,0
salt,96,0,110000000,293329073,100.0,2010,0,0
the bounty hunter,97,0,40000000,136000000,110.0,2010,0,0
doctor strange,109,0,0,0,115.0,2016,0,0
ant-man,114,0,130000000,518602163,117.0,2015,0,0
hancock,128,0,150000000,624029371,92.0,2008,0,0
killers,145,0,75000000,98159963,100.0,2010,0,0
terminator salvation,152,0,200000000,371353001,115.0,2009,0,0
mortal kombat,167,0,18000000,122195920,101.0,1995,0,0
next,172,0,70000000,18211013,96.0,2007,0,0
dragonheart,187,0,57000000,115267375,103.0,1996,0,0
deep impact,192,0,75000000,140464664,120.0,1998,0,0
red dawn,194,0,65000000,44806783,114.0,1984,0,0
red dawn,194,0,0,38376497,114.0,1984,0,0
the green hornet,224,0,120000000,227817248,119.0,2011,0,0
battle: los angeles,227,0,70000000,202466756,116.0,2011,0,0
self/less,235,0,26000000,30523226,117.0,2015,0,0
ghost rider,250,0,110000000,228738393,110.0,2007,0,0
tremors 2: aftershocks,251,0,4000000,0,100.0,1996,0,0
the time machine,256,0,80000000,123729176,96.0,2002,0,0
the time machine,256,0,750000,0,96.0,2002,0,0
the tourist,260,0,100000000,278346189,103.0,2010,0,0
the core,276,0,60000000,74208267,135.0,2003,0,0
godzilla,290,0,160000000,529076069,123.0,1998,0,0
godzilla,290,0,130000000,379014294,123.0,1998,0,0
cirque du freak: the vampire's assistant,303,0,40000000,28169671,109.0,2009,0,0
drillbit taylor,305,0,40000000,0,110.0,2008,0,0
barely lethal,318,0,0,6075,96.0,2015,0,0
dance flick,368,0,0,0,83.0,2009,0,0
star wars: the force awakens,378,0,200000000,2068178225,138.0,2015,0,0
the next three days,400,0,30000000,51148651,133.0,2010,0,0
get smart,408,0,80000000,230685453,110.0,2008,0,0
man on a ledge,433,0,42000000,46221189,102.0,2012,0,0
the league of extraordinary gentlemen,452,0,78000000,179265204,110.0,2003,0,0
abduction,478,0,35000000,82087155,106.0,2011,0,0
"i, frankenstein",483,0,65000000,71154592,92.0,2014,0,0
getaway,499,0,18000000,10501938,123.0,2013,0,0
the avengers,504,0,220000000,1519557910,143.0,2012,0,0
the avengers,504,0,60000000,48522832,143.0,2012,0,0
avengers: age of ultron,504,0,280000000,1405035767,141.0,2015,0,0
thor,507,0,150000000,444115007,115.0,2011,0,0
captain america: the first avenger,508,0,140000000,370569774,124.0,2011,0,0
iron man 2,510,0,200000000,623933331,124.0,2010,0,0
the monster squad,583,0,12000000,3769990,79.0,1987,0,0
into the blue,735,0,50000000,44434439,110.0,2005,0,0
the golden child,750,0,25000000,79817939,94.0,1986,0,0
the return of swamp thing,802,0,0,192816,88.0,1989,0,0
big ass spider!,821,0,0,0,80.0,2013,0,0
tracers,841,0,11000000,1863315,94.0,2015,0,0
the saratov approach,850,0,0,0,107.0,2013,0,0
f/x2,880,0,16400000,0,108.0,1991,0,0
left behind,889,0,16000000,19682924,110.0,2000,0,0
left behind,889,0,0,0,110.0,2000,0,0
so undercover,900,0,0,0,94.0,2012,0,0
double dragon,973,0,3500000,2341309,96.0,1994,0,0
age of the dragons,993,0,5000000,0,91.0,2011,0,0
guardians of the galaxy,996,0,170000000,773312399,121.0,2014,0,0
john carter,997,0,260000000,284139100,132.0,2012,0,0
captain america: the winter soldier,1000,0,170000000,714766572,136.0,2014,0,0
iron man 3,1009,0,200000000,1215439994,130.0,2013,0,0
thor: the dark world,1017,0,170000000,479765000,112.0,2013,0,0
pirates of the caribbean: on stranger tides,1043,0,380000000,1021683000,137.0,2011,0,0
red tails,1085,0,58000000,50365377,125.0,2012,0,0
goldeneye,50,0,58000000,352194034,130.0,1995,1,0
goldeneye,50,0,0,0,130.0,1995,1,0
the four feathers,81,0,35000000,29882645,132.0,2002,1,0
tomorrow never dies,146,0,110000000,333011068,119.0,1997,1,0
the world is not enough,163,0,135000000,361832400,128.0,1999,1,0
die another day,172,0,140000000,431971116,133.0,2002,1,0
transcendence,229,0,100000000,103039258,119.0,2014,1,0
legendary,485,0,0,0,92.0,2010,1,0
robot overlords,905,0,21000000,0,90.0,2015,1,0
the dinosaur project,970,0,0,0,83.0,2012,1,0
brick mansions,471,0,28000000,68896829,90.0,2014,6,0
the man in the iron mask,647,0,0,0,132.0,1998,6,0
the man in the iron mask,647,0,0,0,132.0,1998,6,0
jodhaa akbar,148,0,8376800,13000000,213.0,2008,3,0
dhoom 2,567,0,11000000,46396427,152.0,2006,3,0
mardaani,619,0,0,0,113.0,2014,3,0
kites,786,0,0,0,123.0,2010,3,0
austin powers: international man of mystery,73,1,16500000,67683989,94.0,1997,0,0
young sherlock holmes,85,1,18000000,0,109.0,1985,0,0
carriers,198,1,0,5802422,84.0,2009,0,0
don verdean,252,1,0,0,90.0,2015,0,0
fun size,488,1,14000000,11417362,86.0,2012,0,0
rat race,614,1,48000000,85498534,112.0,2001,0,0
little big man,679,1,15000000,31559552,139.0,1970,0,0
kon-tiki,100,1,16600000,0,118.0,2012,1,0
1492: conquest of paradise,687,1,47000000,7191399,154.0,1992,6,0
paradise,971,1,0,0,100.0,2013,8,0
agora,606,1,70000000,39041505,127.0,2009,18,0
9,124,6,30000000,48428063,79.0,2009,0,0
9,124,6,0,0,79.0,2009,0,0
inside out,502,6,175000000,853708609,95.0,2011,0,0
the simpsons movie,1013,6,75000000,527068851,87.0,2007,0,0
the plague dogs,613,6,0,0,103.0,1982,1,0
what lies beneath,2,3,100000000,155464351,130.0,2000,0,0
the curious case of benjamin button,14,3,150000000,333932083,166.0,2008,0,0
the perks of being a wallflower,16,3,13000000,33400000,103.0,2012,0,0
what's eating gilbert grape,33,3,11000000,30000000,118.0,1993,0,0
dear john,33,3,25000000,114977104,108.0,2010,0,0
mud,43,3,10000000,21587700,130.0,2013,0,0
the way back,77,3,30000000,20348249,108.0,2010,0,0
true grit,83,3,38000000,252276927,110.0,2010,0,0
true grit,83,3,0,14250000,110.0,2010,0,0
and the band played on,146,3,0,0,141.0,1993,0,0
one day,176,3,15000000,59389433,107.0,2011,0,0
stonehearst asylum,193,3,0,0,112.0,2014,0,0
world trade center,197,3,63000000,162945894,129.0,2006,0,0
burlesque,210,3,55000000,89519773,119.0,2010,0,0
center stage,215,3,18000000,17200925,115.0,2000,0,0
draft day,218,3,27000000,28831145,110.0,2014,0,0
after,222,3,0,0,105.0,2019,0,0
the signal,234,3,4000000,600896,97.0,2014,0,0
the signal,234,3,50000,249905,97.0,2014,0,0
parkland,274,3,10000000,653651,93.0,2013,0,0
equals,288,3,0,2000000,101.0,2015,0,0
like crazy,288,3,250000,3542353,86.0,2011,0,0
dream house,314,3,50000000,38502340,84.0,2011,0,0
country strong,316,3,15000000,20529194,117.0,2010,0,0
the roommate,351,3,16000000,40492759,91.0,2011,0,0
blue chips,409,3,0,0,108.0,1994,0,0
europa report,416,3,125687,0,90.0,2013,0,0
the yellow handkerchief,457,3,15000000,317000,102.0,2009,0,0
manglehorn,495,3,4000000,143101,97.0,2015,0,0
the man who shot liberty valance,517,3,3200000,8000000,123.0,1962,0,0
the hours,525,3,25000000,108846072,110.0,2002,0,0
some kind of wonderful,538,3,0,18553948,95.0,1987,0,0
dark water,577,3,30000000,25473093,105.0,2002,0,0
the tuskegee airmen,610,3,0,0,106.0,1995,0,0
a girl like her,627,3,0,0,91.0,2015,0,0
the uninvited,719,3,0,41624046,87.0,2009,0,0
the words,731,3,6000000,13231461,102.0,2012,0,0
the sisterhood of night,760,3,0,0,104.0,2015,0,0
life of a king,779,3,0,0,100.0,2013,0,0
23 blast,820,3,0,0,98.0,2014,0,0
swimfan,914,3,8500000,0,85.0,2002,0,0
blood and chocolate,922,3,0,0,98.0,2007,0,0
song one,925,3,6000000,32251,86.0,2015,0,0
air,932,3,0,0,95.0,2015,0,0
the boy in the striped pyjamas,51,3,12500000,20416563,94.0,2008,1,0
suffragette,161,3,14000000,16002420,106.0,2015,1,0
ginger & rosa,255,3,0,1005700,90.0,2012,1,0
the phantom of the opera,393,3,70000000,154648887,143.0,1925,1,0
the phantom of the opera,393,3,0,0,143.0,1925,1,0
teen spirit,450,3,0,0,93.0,2019,1,0
romeo & juliet,487,3,0,1162635,118.0,2013,1,0
the woman in black,579,3,17000000,127730736,95.0,2012,1,0
the woman in black,579,3,0,0,95.0,2012,1,0
streetdance 3d,710,3,5773100,18144030,98.0,2010,1,0
northern soul,776,3,0,0,102.0,2014,1,0
the cat's meow,796,3,7000000,3646994,114.0,2001,1,0
the portrait of a lady,799,3,0,3692836,144.0,1996,1,0
the chaperone,931,3,0,0,103.0,2011,1,0
the ghost writer,3,3,45000000,60222298,128.0,2010,6,0
fear x,22,3,0,0,91.0,2003,20,0
house at the end of the street,312,3,6900000,0,101.0,2012,8,0
every day,426,3,0,18000,97.0,2018,8,0
laurence anyways,552,3,9500000,0,168.0,2012,8,0
still mine,628,3,0,0,102.0,2012,8,0
upside down,755,3,60000000,8106475,109.0,2012,8,0
heaven,924,3,11000000,0,88.0,1987,8,0
miss julie,355,3,5500000,5000000,129.0,2014,13,0
the double,839,3,0,200406,180.0,2011,28,0
the double,839,3,17000000,3696232,180.0,2011,28,0
mr. pip,825,3,0,0,116.0,2012,32,0
the rainmaker,88,4,40000000,45916769,135.0,1997,0,0
21,145,4,35000000,69823199,123.0,2008,0,0
secret in their eyes,278,4,19500000,32189727,111.0,2015,0,0
the x files: i want to believe,463,4,30000000,68369434,104.0,2008,0,0
ill manors,673,4,170000,0,121.0,2012,1,0
escobar: paradise lost,734,4,17000000,0,120.0,2014,6,0
highway,245,4,14000000,0,133.0,2014,3,0
the social network,14,2,40000000,224920315,120.0,2010,0,0
the pursuit of happyness,28,2,55000000,307077295,117.0,2006,0,0
pawn sacrifice,44,2,0,0,115.0,2015,0,0
saving mr. banks,46,2,35000000,112544580,125.0,2013,0,0
julie & julia,99,2,40000000,129540499,123.0,2009,0,0
la bamba,119,2,6500000,54215416,108.0,1987,0,0
gridiron gang,182,2,30000000,41480851,125.0,2006,0,0
love & mercy,389,2,0,28641776,121.0,2015,0,0
experimenter,424,2,0,0,98.0,2015,0,0
bernie,549,2,0,0,99.0,2012,0,0
bernie,549,2,0,0,99.0,2012,0,0
cesar chavez,856,2,10000000,0,102.0,2014,0,0
the theory of everything,27,2,15000000,121201940,123.0,2014,1,0
elizabeth: the golden age,81,2,25000000,74237563,114.0,2007,1,0
my week with marilyn,112,2,6400000,35057696,99.0,2011,1,0
the duchess,154,2,0,0,110.0,2008,1,0
the iron lady,219,2,13000000,114956699,105.0,2011,1,0
creation,276,2,0,0,108.0,2009,1,0
the soloist,652,2,60000000,31720158,117.0,2009,1,0
lady jane,753,2,8500000,0,136.0,1986,1,0
de-lovely,769,2,20000000,0,125.0,2004,1,0
the girl,912,2,0,0,91.0,2012,1,0
freedom writers,82,2,21000000,41170784,123.0,2007,2,0
the sapphires,156,2,0,0,103.0,2012,10,0
the 33,449,2,25000000,24902723,127.0,2015,17,0
blackfish,37,7,0,0,83.0,2013,0,0
20 feet from stardom,110,7,1000000,0,91.0,2013,0,0
catfish,113,7,30000,3045943,87.0,2010,0,0
undefeated,125,7,0,0,113.0,2011,0,0
the unknown known,230,7,0,0,103.0,2013,0,0
he named me malala,262,7,0,2642899,88.0,2015,0,0
jesus camp,401,7,0,0,84.0,2006,0,0
samsara,524,7,4000000,0,102.0,2011,0,0
soaked in bleach,718,7,0,0,90.0,2015,0,0
senna,29,7,0,8212430,106.0,2010,1,0
why we fight,629,7,0,0,98.0,2005,1,0
the age of stupid,695,7,0,0,92.0,2009,1,0
the look of silence,529,7,0,153516,103.0,2014,20,0
searching for sugar man,35,7,0,0,86.0,2012,7,0
the true cost,641,7,0,0,92.0,2015,25,0
accidental love,19,5,26000000,0,100.0,2015,0,0
ferris bueller's day off,24,5,6000000,70136369,103.0,1986,0,0
as good as it gets,34,5,50000000,314178011,139.0,1997,0,0
the naked gun: from the files of police squad!,42,5,12000000,78756177,85.0,1988,0,0
my boss's daughter,42,5,14000000,0,86.0,2003,0,0
elizabethtown,49,5,57000000,52034889,123.0,2005,0,0
tremors,68,5,11000000,48572000,96.0,1990,0,0
dinner for schmucks,73,5,69000000,86387857,114.0,2010,0,0
bandits,85,5,75000000,67631903,123.0,2001,0,0
hitch,97,5,70000000,368100420,118.0,2005,0,0
yes man,114,5,70000000,225990978,104.0,2008,0,0
ace ventura: pet detective,116,5,15000000,107217396,86.0,1994,0,0
ghosts of girlfriends past,132,5,0,102223269,115.0,2009,0,0
footloose,140,5,24000000,63543328,113.0,2011,0,0
footloose,140,5,8200000,80035402,113.0,2011,0,0
click,153,5,82500000,237681299,107.0,2006,0,0
killer klowns from outer space,171,5,2000000,0,88.0,1988,0,0
hot rod,183,5,0,14334401,88.0,2007,0,0
can't hardly wait,199,5,10000000,25605015,100.0,1998,0,0
life as we know it,201,5,38000000,105610124,114.0,2010,0,0
kate & leopold,208,5,0,0,118.0,2001,0,0
the invention of lying,211,5,18500000,31912793,100.0,2009,0,0
cookie's fortune,214,5,10000000,0,118.0,1999,0,0
evolution,218,5,80000000,98376292,101.0,2001,0,0
"to wong foo, thanks for everything! julie newmar",223,5,0,47774193,109.0,1995,0,0
fun with dick and jane,243,5,100000000,202026112,90.0,2005,0,0
heartbreakers,247,5,35000000,0,123.0,2001,0,0
a night at the roxbury,264,5,17000000,30331165,82.0,1998,0,0
failure to launch,283,5,50000000,88715192,97.0,2006,0,0
guess who,285,5,35000000,68915888,105.0,2005,0,0
valentine's day,286,5,52000000,216485654,125.0,2010,0,0
overboard,286,5,1880006,26713187,112.0,2018,0,0
madea's big happy family,295,5,25000000,53213633,106.0,2011,0,0
madea's witness protection,295,5,0,0,114.0,2012,0,0
i'll see you in my dreams,307,5,0,7449681,92.0,2015,0,0
5 flights up,310,5,6000000,1020921,88.0,2014,0,0
a guy thing,346,5,20000000,17432163,101.0,2003,0,0
i don't know how she does it,356,5,24000000,30551495,89.0,2011,0,0
and so it goes,373,5,30000000,25312387,94.0,2014,0,0
wayne's world 2,420,5,0,47965000,95.0,1993,0,0
odd thomas,425,5,27000000,0,100.0,2013,0,0
girl most likely,492,5,0,0,103.0,2012,0,0
charade,512,5,4000000,13474588,113.0,1963,0,0
lars and the real girl,528,5,12000000,11293663,106.0,2007,0,0
pretty in pink,538,5,0,40471663,97.0,1986,0,0
robot & frank,543,5,2500000,3325038,89.0,2012,0,0
ghost town,569,5,0,0,102.0,2008,0,0
the hospital,602,5,0,0,103.0,1971,0,0
the first time,608,5,0,0,95.0,2012,0,0
necessary roughness,623,5,0,0,108.0,1991,0,0
soapdish,684,5,0,36489888,97.0,1991,0,0
home for the holidays,707,5,0,17519169,103.0,1995,0,0
geography club,727,5,0,0,84.0,2013,0,0
bottle shock,741,5,5000000,4040588,110.0,2008,0,0
paint your wagon,780,5,0,0,164.0,1969,0,0
love the coopers,830,5,17000000,24000000,107.0,2015,0,0
mad money,840,5,0,0,104.0,2008,0,0
a little bit of heaven,865,5,0,1296937,106.0,2011,0,0
bio-dome,899,5,15000000,0,88.0,1996,0,0
kickin' it old skool,974,5,0,0,108.0,2007,0,0
the romantics,977,5,4500000,123820,95.0,2010,0,0
doctor dolittle,1087,5,71000000,294456605,85.0,1998,0,0
doctor dolittle,1087,5,18000000,9000000,85.0,1998,0,0
salmon fishing in the yemen,33,5,0,34564651,107.0,2012,1,0
millions,67,5,0,6584159,98.0,2004,1,0
quartet,216,5,11000000,59520298,98.0,2012,1,0
song for marion,265,5,0,1697294,90.0,2012,1,0
the bad education movie,289,5,0,0,90.0,2015,1,0
the love guru,360,5,62000000,41819064,87.0,2008,1,0
bend it like beckham,396,5,3500159,76578641,112.0,2002,1,0
the reunion,501,5,6000000,0,94.0,2011,1,0
frequently asked questions about time travel,661,5,0,0,83.0,2009,1,0
the artist,31,5,15000000,133432856,100.0,2011,6,0
school of life,828,5,0,0,116.0,2017,6,0
just friends,177,5,0,50817508,96.0,2005,2,0
he's just not that into you,185,5,40000000,177259441,129.0,2009,2,0
down to earth,879,5,0,0,87.0,2001,2,0
3 idiots,7,5,9000000,70000000,170.0,2009,3,0
paheli,281,5,0,0,140.0,2005,3,0
what if,115,5,11000000,7847000,98.0,2013,4,0
saint ralph,628,5,0,0,98.0,2005,8,0
the grand seduction,713,5,12700000,3430018,113.0,2013,8,0
insidious,92,9,1500000,97009150,103.0,2010,0,0
the ring,94,9,48000000,249348933,115.0,2002,0,0
apollo 18,330,9,5000000,25562924,86.0,2011,0,0
the boy,363,9,0,0,97.0,2016,0,0
jack,397,9,45000000,58620973,122.0,1996,0,0
the possession,745,9,14000000,85446075,92.0,2012,0,0
the quiet ones,867,9,200000,17834867,98.0,2014,1,0
long weekend,681,9,0,0,97.0,1978,10,0
long weekend,681,9,0,0,97.0,1978,10,0
jinn,979,10,0,149337,97.0,2014,0,0
super 8,378,11,50000000,260095987,112.0,2011,0,0
the matrix,1,0,63000000,463517383,136.0,1999,0,1
the matrix reloaded,1,0,150000000,738599701,138.0,2003,0,1
the matrix revolutions,1,0,150000000,424988211,129.0,2003,0,1
kill bill: vol. 1,4,0,30000000,180949000,111.0,2003,0,1
kill bill: vol. 2,4,0,30000000,152159461,137.0,2004,0,1
jarhead,36,0,72000000,96889998,125.0,2005,0,1
end of watch,39,0,7000000,48126384,109.0,2012,0,1
the last samurai,44,0,140000000,456758981,154.0,2003,0,1
extraction,54,0,0,16775,116.0,2020,0,1
cop out,60,0,30000000,55583804,107.0,2010,0,1
the patriot,75,0,110000000,215294342,165.0,2000,0,1
the patriot,75,0,25000000,0,165.0,2000,0,1
universal soldier,75,0,23000000,0,102.0,1992,0,1
equilibrium,86,0,20000000,5359645,107.0,2002,0,1
a most violent year,90,0,20000000,12007070,125.0,2014,0,1
bad boys,93,0,0,9190819,119.0,1995,0,1
bad boys,93,0,19000000,141407024,119.0,1995,0,1
bad boys ii,93,0,130000000,273339556,147.0,2003,0,1
patriot games,96,0,45000000,178051587,117.0,1992,0,1
underworld,104,0,22000000,95708457,121.0,2003,0,1
underworld: evolution,104,0,50000000,111340801,106.0,2006,0,1
olympus has fallen,118,0,70000000,161025640,119.0,2013,0,1
hamburger hill,123,0,0,13839404,110.0,1987,0,1
raw deal,123,0,8500000,16209459,106.0,1986,0,1
terminator 3: rise of the machines,127,0,200000000,435000000,109.0,2003,0,1
the interview,138,0,44000000,11305175,112.0,2014,0,1
outbreak,139,0,0,189859560,127.0,1995,0,1
air force one,139,0,85000000,315156409,124.0,1997,0,1
shoot to kill,146,0,0,29300000,110.0,1988,0,1
inferno,155,0,15000000,0,121.0,1980,0,1
inferno,155,0,3000000,0,121.0,1980,0,1
bloodsport,157,0,1500000,11806119,92.0,1988,0,1
underworld: rise of the lycans,180,0,35000000,91327197,92.0,2009,0,1
the peacemaker,192,0,50000000,0,124.0,1997,0,1
conan the barbarian,194,0,90000000,48795021,129.0,2011,0,1
conan the barbarian,194,0,20000000,68851475,129.0,2011,0,1
natural born killers,197,0,34000000,50282766,118.0,1994,0,1
man of tai chi,238,0,25000000,2054941,105.0,2013,0,1
nighthawks,248,0,5000000,19905359,99.0,1981,0,1
romeo must die,249,0,25000000,91036760,115.0,2000,0,1
hit & run,269,0,2000000,14400000,100.0,2012,0,1
dark places,304,0,20000000,208588,113.0,2015,0,1
death wish,308,0,3000000,22000000,107.0,2018,0,1
mo' money,344,0,17000000,0,89.0,1992,0,1
southern comfort,345,0,0,0,106.0,1981,0,1
wild bill,345,0,0,0,98.0,1995,0,1
good people,358,0,0,0,90.0,2014,0,1
the book of eli,397,0,80000000,157107755,118.0,2010,0,1
demolition man,402,0,57000000,159055768,115.0,1993,0,1
escape from new york,419,0,6000000,50000000,99.0,1981,0,1
walking tall,435,0,56000000,57223890,86.0,1973,0,1
walking tall,435,0,0,0,86.0,1973,0,1
american ultra,439,0,28000000,28208085,96.0,2015,0,1
tank girl,461,0,25000000,6600000,104.0,1995,0,1
wild card,470,0,30000000,0,92.0,2015,0,1
bangkok dangerous,491,0,45000000,42487390,99.0,2008,0,1
raze,497,0,0,0,87.0,2013,0,1
apocalypto,513,0,40000000,120175290,139.0,2006,0,1
the boondock saints,533,0,6000000,30471,108.0,1999,0,1
get the gringo,546,0,35000000,0,96.0,2012,0,1
runaway train,556,0,9000000,7936012,98.0,1985,0,1
phantasm iii: lord of the dead,576,0,2500000,0,91.0,1994,0,1
coffy,635,0,500000,0,90.0,1973,0,1
foxy brown,635,0,500000,0,92.0,1974,0,1
f/x,640,0,0,20603715,109.0,1986,0,1
to end all wars,666,0,0,0,125.0,2001,0,1
across 110th street,677,0,0,0,102.0,1972,0,1
the prophecy,682,0,8,16,98.0,1995,0,1
the way of the gun,683,0,0,19125401,119.0,2000,0,1
bellflower,709,0,17000,101236,106.0,2011,0,1
the collector,722,0,3400000,9444018,90.0,2009,0,1
species,747,0,35000000,113000000,108.0,1995,0,1
shottas,749,0,200000,0,95.0,2002,0,1
home of the brave,769,0,12000000,0,106.0,2006,0,1
boy wonder,784,0,0,0,93.0,2010,0,1
double impact,793,0,15000000,30102717,110.0,1991,0,1
falcon rising,797,0,0,0,103.0,2014,0,1
the baytown outlaws,829,0,4000000,0,98.0,2012,0,1
hatchet iii,832,0,0,0,81.0,2013,0,1
extinction,851,0,0,0,95.0,2015,0,1
hatchet ii,873,0,2500000,52604,85.0,2010,0,1
postal,877,0,0,0,100.0,2007,0,1
violet & daisy,887,0,0,0,88.0,2011,0,1
bad ass,896,0,0,0,90.0,2012,0,1
dead heat,908,0,5000000,0,86.0,1988,0,1
black moon rising,937,0,0,6637565,100.0,1986,0,1
chasers,962,0,0,1596687,102.0,1994,0,1
fled,965,0,25000000,17193231,98.0,1996,0,1
free ride,976,0,0,0,86.0,2013,0,1
surf nazis must die,983,0,0,0,83.0,1987,0,1
mega piranha,994,0,0,0,92.0,2010,0,1
the foreigner,50,0,16700000,0,113.0,2017,1,1
slow west,108,0,0,229094,84.0,2015,1,1
highlander,205,0,16000000,5900000,116.0,1986,1,1
monsters: dark continent,366,0,0,0,119.0,2014,1,1
dog soldiers,380,0,0,0,105.0,2002,1,1
the numbers station,484,0,10000000,0,89.0,2013,1,1
nightbreed,545,0,11000000,8862354,102.0,1990,1,1
harry brown,568,0,7300000,10329747,103.0,2009,1,1
cleanskin,724,0,0,0,108.0,2012,1,1
the 51st state,788,0,28,0,93.0,2001,1,1
age of heroes,933,0,0,0,90.0,2011,1,1
dead man running,964,0,0,0,92.0,2009,1,1
resident evil: extinction,205,0,45000000,147717833,94.0,2007,6,1
from paris with love,232,0,52000000,52615806,92.0,2010,6,1
moonwalkers,319,0,0,0,107.0,2015,6,1
the assignment,345,0,0,0,95.0,2016,6,1
point blank,348,0,0,0,86.0,2019,6,1
black gold,489,0,40000000,5446000,130.0,2011,6,1
riders,938,0,0,0,83.0,2002,6,1
resident evil: afterlife,167,0,60000000,296221663,96.0,2010,2,1
resident evil: apocalypse,207,0,45000000,129394835,94.0,2004,2,1
ninja assassin,272,0,40000000,60462347,99.0,2009,2,1
bloodrayne,877,0,25000000,2405420,95.0,2005,2,1
kaante,751,0,0,0,150.0,2002,3,1
haywire,189,0,23000000,33372606,93.0,2011,4,1
district 9,20,0,30000000,210819611,112.0,2009,5,1
young ones,846,0,0,0,100.0,2014,5,1
class of 1984,653,0,4300000,0,98.0,1982,8,1
battle in seattle,738,0,8000000,908847,99.0,2007,8,1
hyena road,756,0,0,0,120.0,2015,8,1
beowulf & grendel,863,0,0,92076,103.0,2005,8,1
assault on wall street,877,0,0,0,99.0,2013,8,1
son of a gun,220,0,0,0,108.0,2014,10,1
the rover,221,0,12250000,2295423,103.0,2014,10,1
"tomorrow, when the war began",483,0,27000000,16504936,103.0,2010,10,1
bait,907,0,30000000,0,93.0,2000,10,1
bait,907,0,35000000,0,93.0,2000,10,1
skin trade,350,0,9000000,0,96.0,2014,12,1
revenge of the green dragons,362,0,5000000,0,94.0,2014,14,1
the host,381,0,44000000,63327201,120.0,2006,15,1
hellbenders,968,0,0,0,90.0,2013,23,1
the mexican,94,1,57000000,147845033,123.0,2001,0,1
the green inferno,308,1,5000000,6833445,100.0,2014,0,1
zombieland,371,1,23600000,102391382,88.0,2009,0,1
the kings of summer,539,1,0,0,95.0,2013,0,1
the babysitters,861,1,0,44852,88.0,2007,0,1
leviathan,882,1,0,0,98.0,1989,0,1
leviathan,882,1,0,15704614,98.0,1989,0,1
strange wilderness,927,1,0,6575282,87.0,2008,0,1
a man called horse,714,1,0,0,114.0,1970,16,1
kajaki,101,1,0,0,108.0,2014,1,1
black sea,166,1,0,1171559,114.0,2014,1,1
the descent,380,1,0,0,99.0,2005,1,1
the descent: part 2,736,1,0,0,94.0,2009,1,1
blueberry,904,1,53000000,0,124.0,2004,6,1
inglourious basterds,4,1,70000000,319131050,153.0,2009,2,1
hector and the search for happiness,444,1,0,1124445,120.0,2014,2,1
the reef,743,1,0,0,94.0,2010,10,1
papillon,575,1,12000000,53267000,133.0,2017,19,1
fritz the cat,729,6,850000,0,78.0,1972,0,1
the motel life,869,6,0,0,85.0,2012,0,1
rosemary's baby,3,3,0,0,137.0,1968,0,1
rosemary's baby,3,3,3200000,33395426,137.0,1968,0,1
django unchained,4,3,100000000,425368238,165.0,2012,0,1
her,12,3,23000000,47351251,126.0,2013,0,1
there will be blood,13,3,25000000,76181545,158.0,2007,0,1
magnolia,13,3,37000000,48451803,188.0,1999,0,1
the master,13,3,32000000,28258060,138.0,2012,0,1
legends of the fall,44,3,30000000,160638883,133.0,1994,0,1
blue valentine,56,3,1000000,12355734,112.0,2010,0,1
a single man,63,3,7000000,0,99.0,2009,0,1
recount,73,3,0,0,116.0,2008,0,1
united 93,95,3,15000000,76286096,111.0,2006,0,1
sliver,96,3,40000000,116300000,107.0,1993,0,1
chloe,135,3,15000000,8459458,96.0,2009,0,1
black snake moan,140,3,15000000,10903846,116.0,2006,0,1
the company men,195,3,15000000,4882577,104.0,2010,0,1
promised land,233,3,15000000,8138788,106.0,2012,0,1
good will hunting,233,3,10000000,225933435,126.0,1997,0,1
stake land,236,3,650000,33245,98.0,2010,0,1
the virgin suicides,259,3,6000000,10409377,97.0,1999,0,1
the lovers,287,3,27000000,0,122.0,2017,0,1
for colored girls,295,3,0,37000000,133.0,2010,0,1
visions,357,3,0,0,82.0,2015,0,1
the runner,365,3,6000000,0,90.0,2015,0,1
jacob's ladder,369,3,25000000,25965144,113.0,2019,0,1
misery,373,3,20000000,61276872,107.0,1990,0,1
the messenger,398,3,6500000,1521261,113.0,2009,0,1
arbitrage,411,3,12000000,35485056,107.0,2012,0,1
the cooler,417,3,32000000,0,101.0,2003,0,1
wendy and lucy,434,3,200000,0,80.0,2008,0,1
scenic route,468,3,0,0,82.0,2013,0,1
foxfire,475,3,0,258263,102.0,1996,0,1
repentance,498,3,5000000,1189612,90.0,2014,0,1
short term 12,506,3,0,1600000,96.0,2013,0,1
pi,511,3,60000,3221152,84.0,1998,0,1
passion,513,3,30000000,0,127.0,2012,0,1
birdy,518,3,0,0,120.0,1984,0,1
you can count on me,535,3,0,0,111.0,2000,0,1
big night,547,3,0,0,109.0,1996,0,1
what maisie knew,558,3,6000000,1066471,99.0,2013,0,1
new rose hotel,564,3,0,0,93.0,1999,0,1
the keeping room,568,3,0,0,95.0,2014,0,1
life itself,588,3,0,0,117.0,2018,0,1
suburbia,598,3,0,0,94.0,1984,0,1
suburbia,598,3,0,0,94.0,1984,0,1
changing lanes,604,3,45000000,94935764,98.0,2002,0,1
the exorcist iii,633,3,0,39024251,110.0,1990,0,1
you're not you,650,3,0,11486,102.0,2014,0,1
electrick children,654,3,0,0,96.0,2012,0,1
james white,657,3,0,0,85.0,2015,0,1
a late quartet,660,3,0,1562546,105.0,2012,0,1
savior,669,3,10000000,0,103.0,1998,0,1
palo alto,688,3,0,0,100.0,2014,0,1
the big kahuna,700,3,7000000,3728888,90.0,2000,0,1
cbgb,741,3,0,40400,102.0,2013,0,1
the poker house,768,3,0,0,93.0,2008,0,1
the heart is deceitful above all things,789,3,74050,176153,98.0,2004,0,1
stop-loss,801,3,25000000,11207130,112.0,2008,0,1
twilight,806,3,37000000,392616625,122.0,1998,0,1
twilight,806,3,0,0,122.0,1998,0,1
plush,806,3,0,0,99.0,2013,0,1
feast of love,809,3,0,5741608,97.0,2007,0,1
alex of venice,816,3,0,0,86.0,2015,0,1
losing isaiah,824,3,17000000,7603766,111.0,1995,0,1
jolene,842,3,0,0,121.0,2008,0,1
about alex,848,3,0,0,99.0,2014,0,1
the calling,881,3,0,0,108.0,2014,0,1
powder blue,885,3,0,0,106.0,2009,0,1
the world made straight,892,3,0,0,119.0,2015,0,1
as i lay dying,934,3,0,0,110.0,2013,0,1
and while we were here,935,3,0,0,83.0,2013,0,1
3 nights in the desert,944,3,0,0,90.0,2014,0,1
boys of abu ghraib,946,3,0,0,102.0,2014,0,1
arthur newman,950,3,0,0,93.0,2012,0,1
the benefactor,972,3,0,0,93.0,2015,0,1
under the bed,982,3,0,0,87.0,2012,0,1
amnesiac,989,3,3000000,0,90.0,2015,0,1
passion play,991,3,15000000,0,94.0,2011,0,1
club life,992,3,0,4444,87.0,2015,0,1
tideland,9,3,12000000,0,120.0,2005,1,1
ex machina,18,3,15000000,36869414,108.0,2015,1,1
moon,21,3,5000000,9760104,97.0,2009,1,1
let me in,58,3,20000000,24145613,116.0,2010,1,1
locke,70,3,2000000,4635300,85.0,2014,1,1
serenity,70,3,39000000,38869464,106.0,2019,1,1
we are your friends,267,3,6000000,11122090,96.0,2015,1,1
a little chaos,279,3,0,0,112.0,2015,1,1
w.e.,340,3,15000000,868439,119.0,2011,1,1
we need to talk about kevin,382,3,7000000,6038942,112.0,2011,1,1
morvern callar,382,3,0,0,97.0,2002,1,1
the other man,388,3,15000000,1143856,88.0,2008,1,1
welcome to the rileys,443,3,0,42145,110.0,2010,1,1
before i go to sleep,456,3,0,15060457,92.0,2014,1,1
high-rise,460,3,0,0,119.0,2015,1,1
wake in fright,554,3,0,0,109.0,1971,1,1
the man who fell to earth,582,3,1500000,0,139.0,1976,1,1
macbeth,587,3,0,13192457,113.0,2015,1,1
macbeth,587,3,0,0,113.0,2015,1,1
me without you,591,3,0,0,107.0,2001,1,1
lawn dogs,618,3,7000000,0,101.0,1997,1,1
i capture the castle,643,3,0,0,113.0,2003,1,1
hidden agenda,690,3,0,1030938,108.0,1990,1,1
flashbacks of a fool,812,3,0,1107542,109.0,2008,1,1
book of blood,822,3,0,0,100.0,2009,1,1
pressure,911,3,0,0,91.0,2015,1,1
good,918,3,0,0,92.0,2008,1,1
babel,76,3,25000000,135330182,143.0,2006,6,1
tinker tailor soldier spy,78,3,30000000,0,122.0,2011,6,1
by the sea,341,3,10000000,3334927,122.0,2015,6,1
q,782,3,0,0,103.0,1982,6,1
the million dollar hotel,833,3,8000000,0,122.0,2000,2,1
madame bovary,866,3,0,0,118.0,2015,2,1
half light,888,3,0,0,110.0,2006,2,1
room,8,3,6000000,35401758,118.0,2015,4,1
what richard did,8,3,0,0,88.0,2012,4,1
wake wood,791,3,0,0,90.0,2011,4,1
strangerland,919,3,10000000,17472,112.0,2015,4,1
the witch,79,3,3500000,40423945,92.0,2015,8,1
enemy,98,3,0,3396726,91.0,2013,8,1
remember,135,3,0,1986615,94.0,2015,8,1
the sweet hereafter,135,3,5000000,3263585,112.0,1997,8,1
into the forest,231,3,0,0,101.0,2016,8,1
dead ringers,257,3,13000000,8038508,116.0,1988,8,1
tamara,486,3,4750000,206871,98.0,2005,8,1
ginger snaps,542,3,5000000,0,108.0,2000,8,1
bravetown,807,3,0,0,112.0,2015,8,1
flowers in the attic,897,3,0,0,86.0,1987,8,1
flowers in the attic,897,3,0,0,86.0,1987,8,1
under the skin,121,3,13300000,5380251,108.0,2014,9,1
the water diviner,164,3,22500000,15520023,111.0,2014,10,1
backtrack,343,3,0,0,90.0,2015,10,1
these final hours,581,3,0,0,87.0,2014,10,1
beneath hill 60,616,3,7347125,0,122.0,2010,10,1
the suicide theory,752,3,0,0,98.0,2015,10,1
adore,758,3,16000000,318982,112.0,2013,10,1
the machinist,193,3,5000000,8203235,101.0,2004,18,1
red lights,804,3,14000000,13551174,114.0,2012,18,1
louder than bombs,717,3,11000000,0,109.0,2015,13,1
serena,496,3,0,176391,109.0,2014,19,1
the war zone,600,3,0,0,98.0,1999,23,1
a little trip to heaven,930,3,12000000,0,98.0,2005,34,1
the hateful eight,4,4,44000000,155760117,168.0,2015,0,1
taxi driver,6,4,1300000,28262574,114.0,1976,0,1
hard eight,13,4,3000000,222559,102.0,1996,0,1
the girl with the dragon tattoo,14,4,90000000,232617430,158.0,2009,0,1
drive,22,4,15000000,76175166,100.0,2011,0,1
drive,22,4,3500000,0,100.0,2011,0,1
mystic river,23,4,25000000,156822020,138.0,2003,0,1
sin city,26,4,40000000,158733820,124.0,2005,0,1
road to perdition,36,4,80000000,181001478,117.0,2002,0,1
blue ruin,74,4,0,258384,90.0,2013,0,1
lawless,84,4,26000000,53676580,116.0,2012,0,1
brooklyn's finest,118,4,17000000,29536299,132.0,2009,0,1
breakdown,127,4,36000000,50159144,93.0,1997,0,1
killing them softly,160,4,15000000,37930465,97.0,2012,0,1
gorky park,163,4,0,16175602,128.0,1983,0,1
cop car,202,4,0,134552,88.0,2015,0,1
above the rim,204,4,0,0,96.0,1994,0,1
kiss the girls,226,4,27000000,60527873,115.0,1997,0,1
in the shadow of the moon,236,4,2000000,0,115.0,2019,0,1
the tall man,239,4,18200000,0,106.0,2012,0,1
raising cain,291,4,12000000,37170057,92.0,1992,0,1
13 cameras,302,4,0,0,87.0,2015,0,1
cut bank,333,4,5000000,0,93.0,2014,0,1
hangman,337,4,0,0,98.0,2017,0,1
lila & eve,338,4,0,0,94.0,2015,0,1
the adderall diaries,353,4,0,0,87.0,2016,0,1
the green mile,370,4,60000000,284600000,189.0,1999,0,1
phone booth,393,4,13000000,97837138,81.0,2002,0,1
killer joe,409,4,10000000,3665069,102.0,2011,0,1
the frozen ground,429,4,27220000,5496951,105.0,2013,0,1
righteous kill,474,4,60000000,73174566,101.0,2008,0,1
joe,495,4,4000000,2365467,117.0,1970,0,1
the lincoln lawyer,515,4,40000000,85412898,118.0,2011,0,1
mississippi burning,518,4,15000000,34604000,128.0,1988,0,1
house of sand and fog,557,4,16500000,16942795,126.0,2003,0,1
house of games,561,4,0,2585639,102.0,1987,0,1
internal affairs,603,4,0,27734391,115.0,1990,0,1
animal factory,607,4,0,0,94.0,2000,0,1
out of time,620,4,50000000,55495563,105.0,2003,0,1
alice sweet alice,665,4,0,0,107.0,1976,0,1
cutter's way,675,4,3000000,0,109.0,1981,0,1
american gigolo,693,4,4800000,22743674,117.0,1980,0,1
shade,704,4,6800000,0,101.0,2003,0,1
dark blue,739,4,15000000,9237470,118.0,2002,0,1
pathology,763,4,8000000,0,95.0,2008,0,1
undertow,778,4,0,143597,71.0,2004,0,1
the quiet,818,4,900000,381420,96.0,2005,0,1
switchback,831,4,37000000,6482195,118.0,1997,0,1
maniac cop 2,852,4,4000000,0,90.0,1990,0,1
the town that dreaded sundown,870,4,0,0,90.0,1976,0,1
the town that dreaded sundown,870,4,0,0,90.0,1976,0,1
the weight of water,893,4,16000000,109130,114.0,2000,0,1
a good marriage,929,4,0,0,102.0,2014,0,1
child of god,934,4,0,0,104.0,2014,0,1
dirty,948,4,3000000,0,97.0,2005,0,1
bless the child,953,4,40000000,0,107.0,2000,0,1
the living,959,4,500000,0,89.0,2014,0,1
the lookalike,967,4,0,0,100.0,2014,0,1
wild horses,981,4,0,0,100.0,2015,0,1
starred up,72,4,0,54915,106.0,2013,1,1
the crying game,89,4,3705538,62548947,112.0,1992,1,1
transsiberian,193,4,15000000,5926410,111.0,2008,1,1
closed circuit,306,4,0,5750401,96.0,2013,1,1
notes on a scandal,388,4,15000000,49469904,92.0,2006,1,1
dead man walking,520,4,11000000,39363635,122.0,1995,1,1
if....,540,4,0,500000,111.0,1968,1,1
a most wanted man,555,4,15000000,31554855,122.0,2014,1,1
the vanishing,662,4,0,0,107.0,2018,1,1
paranoid park,233,4,0,486021,85.0,2007,6,1
atlantic city,563,4,7200000,12729678,104.0,1980,6,1
in the electric mist,814,4,0,0,117.0,2009,6,1
the score,122,4,68000000,71069884,124.0,2001,2,1
the captive,135,4,0,1075178,112.0,2014,8,1
jennifer eight,277,4,20000000,11390479,124.0,1992,8,1
felony,803,4,0,0,105.0,2014,10,1
regression,606,4,0,17671101,106.0,2015,18,1
king of new york,564,4,1000000,2554476,103.0,1990,23,1
in secret,871,4,0,0,107.0,2013,33,1
antisocial,985,4,0,0,116.0,2013,36,1
goodfellas,6,2,25000000,46836394,146.0,1990,0,1
dallas buyers club,15,2,5000000,55198285,117.0,2013,0,1
jersey boys,23,2,40000000,67347013,134.0,2014,0,1
gloria,44,2,0,4059673,122.0,2013,0,1
the end of the tour,53,2,0,3002884,106.0,2015,0,1
blow,64,2,53000000,83282296,124.0,2001,0,1
trumbo,73,2,15000000,8235661,124.0,2015,0,1
game change,73,2,0,0,118.0,2012,0,1
the stanford prison experiment,111,2,0,643557,122.0,2015,0,1
public enemies,120,2,80000000,214104620,140.0,2009,0,1
kill the messenger,144,2,5000000,2450846,112.0,2014,0,1
cadillac records,173,2,12000000,0,109.0,2008,0,1
the runaways,174,2,10000000,2995811,106.0,2010,0,1
behind the candelabra,189,2,23000000,15600000,118.0,2013,0,1
the doors,197,2,38000000,34416893,140.0,1991,0,1
the bling ring,259,2,0,0,90.0,2013,0,1
the bling ring,259,2,15000000,19145732,90.0,2013,0,1
the long riders,345,2,10000000,15795189,100.0,1980,0,1
gods and monsters,394,2,10000000,6451628,105.0,1998,0,1
kinsey,394,2,0,0,118.0,2004,0,1
the kid,469,2,65000000,69700000,100.0,2019,0,1
capote,523,2,7000000,49084830,114.0,2005,0,1
beautiful boy,541,2,0,63931,120.0,2018,0,1
gia,544,2,0,0,120.0,1998,0,1
soldier's girl,550,2,0,0,112.0,2003,0,1
citizen x,559,2,0,0,105.0,1995,0,1
phil spector,561,2,0,0,92.0,2013,0,1
danny collins,588,2,10000000,10835752,106.0,2015,0,1
too big to fail,589,2,0,0,99.0,2011,0,1
kill the irishman,622,2,0,1188194,106.0,2011,0,1
an american crime,634,2,2000000,0,98.0,2007,0,1
bully,644,2,0,480811,108.0,2001,0,1
bully,644,2,1100000,0,108.0,2001,0,1
puncture,703,2,0,68945,100.0,2011,0,1
party monster,732,2,5000000,742898,98.0,2003,0,1
goya's ghosts,767,2,50000000,9448082,113.0,2006,0,1
hemingway & gellhorn,827,2,19500000,0,155.0,2012,0,1
low down,876,2,0,0,114.0,2014,0,1
eichmann,879,2,8000000,0,122.0,2007,0,1
the pianist,3,2,35000000,120072577,150.0,2002,1,1
the king's speech,11,2,15000000,414211549,118.0,2010,1,1
the danish girl,11,2,15000000,64191523,119.0,2015,1,1
steve jobs,67,2,30000000,34441873,122.0,2015,1,1
elizabeth,81,2,30000000,82150642,124.0,1998,1,1
legend,126,2,25000000,42972994,132.0,2015,1,1
legend,126,2,25000000,15502112,132.0,2015,1,1
mr. nice,141,2,0,850994,121.0,2010,1,1
concussion,274,2,35000000,48623572,123.0,2013,1,1
concussion,274,2,0,0,123.0,2013,1,1
pride,519,2,0,7523634,119.0,2014,1,1
pride,519,2,0,0,119.0,2014,1,1
the falcon and the snowman,624,2,0,0,131.0,1985,1,1
hawking,716,2,0,0,90.0,2013,1,1
ted bundy,835,2,0,0,99.0,2002,1,1
eden,678,2,0,65460,131.0,2012,6,1
eden,678,2,0,0,131.0,2012,6,1
the devil's violinist,141,2,0,11294,122.0,2013,2,1
alpha dog,151,2,0,15309302,122.0,2006,2,1
the whistleblower,566,2,0,0,112.0,2010,8,1
frankie & alice,843,2,0,693181,101.0,2010,8,1
casino jack,883,2,12500000,1083683,108.0,2010,8,1
chapter 27,951,2,0,0,84.0,2007,8,1
shine,940,2,0,0,105.0,2017,10,1
kevin hart: laugh at my pain,181,7,0,0,89.0,2011,0,1
kevin hart: let me explain,181,7,0,32230907,75.0,2013,0,1
cutie and the boxer,191,7,0,0,82.0,2013,0,1
reincarnated,364,7,0,0,96.0,2012,0,1
cartel land,399,7,0,0,100.0,2015,0,1
best of enemies,410,7,1000000,0,87.0,2015,0,1
jackass 3d,412,7,20000000,0,95.0,2010,0,1
grizzly man,521,7,0,0,103.0,2005,0,1
meru,536,7,0,2334228,90.0,2015,0,1
capitalism: a love story,574,7,20000000,17436509,127.0,2009,0,1
janis: little girl blue,593,7,0,0,103.0,2015,0,1
the decline of western civilization part ii: the metal years,598,7,0,0,93.0,1988,0,1
bones brigade: an autobiography,630,7,110,0,90.0,2012,0,1
finders keepers,649,7,0,0,82.0,2015,0,1
finders keepers,649,7,0,0,82.0,2015,0,1
narco cultura,670,7,0,0,103.0,2013,0,1
the wild and wonderful whites of west virginia,708,7,0,0,86.0,2009,0,1
super high me,773,7,0,0,94.0,2007,0,1
the imposter,522,7,0,0,99.0,2012,1,1
something from nothing: the art of rap,694,7,0,288312,106.0,2012,1,1
biggie and tupac,712,7,0,0,108.0,2002,1,1
kurt & courtney,712,7,0,0,95.0,1998,1,1
dior and i,431,7,0,0,90.0,2015,6,1
the summit,774,7,0,0,95.0,2012,4,1
the hornet's nest,698,7,0,0,93.0,2014,26,1
silver linings playbook,19,5,21000000,205738714,122.0,2012,0,1
jerry maguire,49,5,50000000,273552592,139.0,1996,0,1
the spectacular now,53,5,2500000,6854611,95.0,2013,0,1
chasing amy,60,5,250000,12021272,113.0,1997,0,1
zack and miri make a porno,60,5,24000000,42105111,101.0,2008,0,1
tusk,60,5,2800000,1826705,102.0,2014,0,1
the squid and the whale,65,5,1500000,11098131,81.0,2005,0,1
frances ha,65,5,0,4069826,86.0,2013,0,1
while we're young,65,5,10000000,7587485,97.0,2014,0,1
bill burr: i'm sorry you feel that way,71,5,0,0,80.0,2014,0,1
spread,72,5,0,12032983,97.0,2009,0,1
a serious man,83,5,7000000,31430334,106.0,2009,0,1
inside llewyn davis,83,5,11000000,32935319,104.0,2013,0,1
the one i love,103,5,0,0,91.0,2014,0,1
richard pryor: live in concert,106,5,0,0,78.0,1979,0,1
get him to the greek,107,5,40000000,90029656,109.0,2010,0,1
goon,115,5,0,6483963,92.0,2012,0,1
obvious child,131,5,0,3123963,84.0,2014,0,1
the overnight,137,5,0,1100000,79.0,2015,0,1
up in smoke,142,5,0,41590893,86.0,1978,0,1
the babysitter,152,5,0,0,85.0,2017,0,1
she's out of my league,159,5,20000000,49779728,104.0,2010,0,1
mississippi grind,168,5,0,0,108.0,2015,0,1
young adult,169,5,12000000,22939027,94.0,2011,0,1
up in the air,169,5,25000000,163670000,109.0,2009,0,1
sleeping with other people,175,5,0,3214116,101.0,2015,0,1
magic mike,189,5,7000000,167221571,110.0,2012,0,1
the party,199,5,1500000,0,100.0,2017,0,1
laggies,212,5,0,0,99.0,2014,0,1
eddie murphy: delirious,213,5,0,0,69.0,1983,0,1
the long goodbye,214,5,0,0,112.0,1973,0,1
no strings attached,218,5,25000000,147780440,108.0,2011,0,1
wish i was here,237,5,5500000,5483299,106.0,2014,0,1
horns,240,5,0,0,120.0,2013,0,1
kicking and screaming,242,5,0,718490,95.0,1995,0,1
school daze,253,5,0,0,121.0,1988,0,1
she hate me,253,5,8000000,365134,138.0,2004,0,1
chi-raq,253,5,0,0,127.0,2015,0,1
a very murray christmas,259,5,0,0,56.0,2015,0,1
reefer madness: the movie musical,263,5,0,0,112.0,2006,0,1
40 days and 40 nights,271,5,17000000,0,96.0,2002,0,1
heathers,271,5,0,1108462,103.0,1989,0,1
the rum diary,277,5,45000000,24000000,119.0,2011,0,1
scary movie 2,282,5,45000000,141220678,83.0,2001,0,1
results,292,5,0,104507,105.0,2015,0,1
nobody's fool,295,5,0,0,110.0,2018,0,1
the heartbreak kid,296,5,60000000,127766650,116.0,2007,0,1
the package,299,5,0,0,94.0,2018,0,1
life after beth,311,5,2400000,88273,89.0,2014,0,1
50/50,313,5,8000000,39187783,100.0,2011,0,1
a haunted house,327,5,2500000,60141683,86.0,2013,0,1
"the goods: live hard, sell hard",328,5,10000000,0,89.0,2009,0,1
sex and the city 2,329,5,100000000,288347692,146.0,2010,0,1
casa de mi padre,334,5,0,0,84.0,2012,0,1
soul plane,339,5,16000000,14822346,86.0,2004,0,1
a glimpse inside the mind of charles swan iii,367,5,0,0,86.0,2012,0,1
the birdcage,372,5,0,185260553,117.0,1996,0,1
heartburn,372,5,0,0,108.0,1986,0,1
blazing saddles,374,5,2600000,119500000,93.0,1974,0,1
swingers,386,5,200000,4505922,96.0,1996,0,1
risky business,391,5,6200000,63541777,99.0,1983,0,1
tangerine,395,5,0,0,88.0,2015,0,1
the skeleton twins,404,5,0,5284309,93.0,2014,0,1
body bags,419,5,0,0,91.0,1993,0,1
soul food,421,5,0,0,115.0,1997,0,1
drinking buddies,423,5,0,343341,90.0,2013,0,1
digging for fire,423,5,0,0,85.0,2015,0,1
it's a disaster,427,5,0,0,88.0,2013,0,1
slums of beverly hills,428,5,5000000,0,91.0,1998,0,1
friends with kids,442,5,0,12186625,107.0,2012,0,1
waiting to exhale,445,5,16000000,81452156,124.0,1995,0,1
hello i must be going,453,5,0,0,95.0,2012,0,1
middle men,455,5,22000000,0,105.0,2009,0,1
the chumscrubber,458,5,0,0,108.0,2005,0,1
a good old fashioned orgy,464,5,0,0,95.0,2011,0,1
the big wedding,479,5,35000000,21819348,89.0,2013,0,1
playing it cool,480,5,0,0,94.0,2014,0,1
the return of the living dead,531,5,4000000,14237000,91.0,1985,0,1
the proposition,534,5,2000000,5048693,94.0,2005,0,1
sunshine cleaning,578,5,5000000,16174377,91.0,2008,0,1
behind the mask: the rise of leslie vernon,580,5,0,69136,92.0,2006,0,1
charlie bartlett,592,5,12000000,0,97.0,2007,0,1
igby goes down,597,5,9000000,4777465,98.0,2002,0,1
"jeff, who lives at home",599,5,10000000,4417580,83.0,2011,0,1
trees lounge,607,5,0,0,95.0,1996,0,1
the kentucky fried movie,632,5,600000,0,83.0,1977,0,1
the ninth configuration,633,5,0,0,118.0,1980,0,1
wassup rockers,644,5,0,634074,111.0,2005,0,1
the big easy,648,5,0,0,102.0,1986,0,1
spun,659,5,2000000,0,101.0,2002,0,1
hollywood shuffle,674,5,0,0,78.0,1987,0,1
big fan,685,5,250000,232732,88.0,2009,0,1
night owls,686,5,0,0,90.0,2015,0,1
the opposite of sex,689,5,5000000,5879254,105.0,1998,0,1
g.b.f.,691,5,0,0,92.0,2013,0,1
two night stand,696,5,0,18612,86.0,2014,0,1
the joneses,697,5,10000000,7022728,96.0,2010,0,1
bride of re-animator,705,5,2000000,0,96.0,1990,0,1
welcome to me,721,5,0,0,87.0,2014,0,1
vampire's kiss,723,5,2000000,725131,103.0,1988,0,1
the private lives of pippa lee,725,5,0,0,98.0,2009,0,1
clear history,728,5,0,0,101.0,2013,0,1
the stuff,733,5,1700000,0,87.0,1985,0,1
tales of halloween,737,5,0,0,92.0,2015,0,1
happythankyoumoreplease,740,5,0,215576,100.0,2011,0,1
cecil b. demented,746,5,10000000,0,87.0,2000,0,1
the foot fist way,762,5,79000,245000,85.0,2006,0,1
some guy who kills people,764,5,300000,0,97.0,2011,0,1
good dick,765,5,0,0,86.0,2008,0,1
afternoon delight,770,5,0,0,98.0,2013,0,1
ashby,775,5,0,0,100.0,2015,0,1
"new york, i love you",777,5,14700000,8049666,103.0,2008,0,1
night of the demons,783,5,10000000,0,90.0,1988,0,1
night of the demons,783,5,1200000,3109904,90.0,1988,0,1
paper man,792,5,0,0,110.0,2009,0,1
chopping mall,802,5,800000,0,77.0,1986,0,1
at middleton,811,5,2500000,0,99.0,2013,0,1
zombeavers,819,5,0,14947,77.0,2014,0,1
art school confidential,826,5,0,0,102.0,2006,0,1
a.c.o.d.,836,5,0,175705,88.0,2013,0,1
the funhouse massacre,837,5,0,0,90.0,2015,0,1
eating out,849,5,50000,0,90.0,2004,0,1
the comedy,858,5,0,0,95.0,2012,0,1
henry's crime,868,5,12000000,204940,108.0,2010,0,1
the english teacher,875,5,0,104810,93.0,2013,0,1
another happy day,895,5,4000000,355688,119.0,2011,0,1
cavemen,901,5,0,0,88.0,2013,0,1
unfinished business,903,5,35000000,14431253,91.0,2015,0,1
walter,913,5,700000,0,94.0,2015,0,1
the ladies man,917,5,24000000,13700000,84.0,2000,0,1
the ladies man,917,5,0,0,84.0,2000,0,1
hick,920,5,0,0,99.0,2011,0,1
sassy pants,926,5,0,0,88.0,2012,0,1
class of nuke 'em high,928,5,2000000,0,85.0,1986,0,1
a little help,943,5,0,0,109.0,2010,0,1
women in trouble,945,5,3000000,18097,92.0,2009,0,1
are you here,954,5,0,0,114.0,2013,0,1
bad kids go to hell,955,5,0,0,91.0,2012,0,1
home sweet hell,958,5,3000000,0,98.0,2015,0,1
hansel and gretel get baked,960,5,4500000,0,86.0,2013,0,1
man about town,963,5,0,0,96.0,2006,0,1
the babymakers,980,5,0,0,95.0,2012,0,1
life of brian,17,5,4000000,20045115,94.0,1979,1,1
absolutely anything,17,5,0,5189646,85.0,2015,1,1
about time,41,5,0,87100449,123.0,2013,1,1
a life less ordinary,67,5,12000000,0,103.0,1997,1,1
the full monty,384,5,3500000,257850122,91.0,1997,1,1
cashback,407,5,0,2294291,102.0,2006,1,1
miss conception,485,5,0,0,104.0,2008,1,1
seven psychopaths,526,5,15000000,19422261,110.0,2012,1,1
bridget jones's diary,527,5,25000000,281929795,97.0,2001,1,1
conversations with other women,656,5,450000,973525,84.0,2006,1,1
nina forever,715,5,0,0,98.0,2015,1,1
big nothing,742,5,0,0,86.0,2006,1,1
cuban fury,771,5,0,0,98.0,2014,1,1
lucky numbers,99,5,65000000,0,105.0,2000,6,1
2 days in paris,414,5,0,19776159,96.0,2007,6,1
edmond,853,5,10,0,110.0,2005,6,1
"love, rosie",149,5,0,4439431,102.0,2014,2,1
the lobster,55,5,4000000,9064511,119.0,2015,4,1
breakfast on pluto,89,5,0,0,128.0,2005,4,1
he never died,165,5,0,0,99.0,2015,8,1
trailer park boys: the movie,228,5,5000000,3833507,95.0,2006,8,1
maps to the stars,257,5,0,1338365,111.0,2014,8,1
the art of the steal,297,5,0,64065,90.0,2013,8,1
mambo italiano,845,5,4361898,3031801,88.0,2003,8,1
the dressmaker,595,5,11930000,18340000,119.0,2015,10,1
sirens,618,5,0,7770731,98.0,1994,10,1
two hands,668,5,0,0,103.0,1999,10,1
not suitable for children,761,5,0,0,97.0,2012,10,1
100 bloody acres,766,5,0,0,91.0,2012,10,1
avanti!,626,5,0,0,144.0,1972,23,1
interview,785,5,0,0,105.0,2007,23,1
bad taste,590,5,25710,0,91.0,1987,24,1
society,705,5,0,0,99.0,1989,28,1
the alibi,808,5,0,0,90.0,2006,31,1
the evil dead,40,9,350000,29400000,85.0,1981,0,1
hush,80,9,0,0,82.0,2016,0,1
hush,80,9,0,0,82.0,2016,0,1
oculus,80,9,5000000,44030246,104.0,2014,0,1
the conjuring,92,9,13000000,318000141,112.0,2013,0,1
sinister,109,9,3000000,77712439,110.0,2012,0,1
paranormal activity 3,113,9,5000000,205703818,83.0,2011,0,1
creep,137,9,0,0,77.0,2014,0,1
creep,137,9,0,0,77.0,2014,0,1
candyman,141,9,6000000,25792310,99.0,1992,0,1
final destination,143,9,23000000,53302314,98.0,2000,0,1
final destination 3,143,9,25000000,117719158,93.0,2006,0,1
scary movie,170,9,19000000,278019771,111.0,2000,0,1
final destination 2,178,9,26000000,90426405,90.0,2003,0,1
the final destination,178,9,40000000,186167139,82.0,2009,0,1
13 sins,225,9,5000000,0,93.0,2014,0,1
"as above, so below",273,9,5000000,40100000,93.0,2014,0,1
the poughkeepsie tapes,273,9,0,0,81.0,2007,0,1
carrie,291,9,0,0,98.0,2002,0,1
carrie,291,9,30000000,82394288,98.0,2002,0,1
carrie,291,9,1800000,33800000,98.0,2002,0,1
the vatican tapes,309,9,13000000,1784763,91.0,2015,0,1
all the boys love mandy lane,313,9,750000,0,90.0,2008,0,1
sinister 2,326,9,10000000,52882018,97.0,2015,0,1
open grave,330,9,0,0,102.0,2013,0,1
chernobyl diaries,331,9,0,18112929,86.0,2012,0,1
demonic,335,9,3000000,3387000,83.0,2015,0,1
the devil inside,363,9,1000000,101758490,83.0,2012,0,1
the cabin in the woods,375,9,30000000,66486080,95.0,2012,0,1
christine,419,9,0,21200000,110.0,2016,0,1
pet sematary,436,9,11500000,57469467,101.0,2019,0,1
paranormal activity 2,441,9,3000000,177512032,91.0,2010,0,1
the den,448,9,0,0,81.0,2013,0,1
case 39,462,9,27000000,29000000,109.0,2009,0,1
children of the corn,465,9,4500000,0,92.0,1984,0,1
children of the corn,465,9,800000,14000000,92.0,1984,0,1
friday the 13th: the final chapter,466,9,0,32,91.0,1984,0,1
friday the 13th part iii,477,9,4000000,36690067,95.0,1982,0,1
friday the 13th part 2,477,9,1250000,21722776,87.0,1981,0,1
texas chainsaw 3d,482,9,20000000,47241945,92.0,2013,0,1
black rock,494,9,0,0,83.0,2012,0,1
out of the dark,500,9,0,0,92.0,2014,0,1
beneath the darkness,503,9,7300000,0,80.0,2012,0,1
humanoids from the deep,503,9,0,0,80.0,1980,0,1
night of the living dead,509,9,114000,0,96.0,1968,0,1
night of the living dead,509,9,4200000,5835247,96.0,1968,0,1
the crazies,562,9,20000000,54956140,101.0,2010,0,1
the crazies,562,9,275000,0,101.0,2010,0,1
friday the 13th,570,9,19000000,91379051,95.0,1980,0,1
friday the 13th,570,9,550000,59754601,95.0,1980,0,1
the house of the devil,573,9,0,0,95.0,2009,0,1
phantasm,576,9,300000,11988469,89.0,1979,0,1
the midnight meat train,645,9,15000000,3533227,98.0,2008,0,1
i spit on your grave,692,9,2000000,572809,108.0,2010,0,1
stigmata,706,9,29000000,50041732,103.0,1999,0,1
life,795,9,12000000,0,104.0,2015,0,1
life,795,9,0,0,104.0,2015,0,1
life,795,9,80000000,73345029,104.0,2015,0,1
the slumber party massacre,817,9,0,0,77.0,1982,0,1
dead birds,859,9,1500000,0,91.0,2005,0,1
forbidden world,872,9,0,0,77.0,1982,0,1
madman,878,9,0,0,88.0,1981,0,1
c.h.u.d.,891,9,1250000,3412497,88.0,1984,0,1
yellowbrickroad,936,9,500000,0,98.0,2010,0,1
the inhabitants,949,9,0,0,90.0,2015,0,1
harbinger down,952,9,0,0,82.0,2015,0,1
chain letter,966,9,0,0,88.0,2010,0,1
beneath,984,9,89,0,90.0,2013,0,1
beneath,984,9,0,0,90.0,2013,0,1
"silent night, deadly night part 2",986,9,250000,154323,88.0,1987,0,1
nightlight,987,9,0,0,85.0,2015,0,1
the wicker man,62,9,40000000,38755073,88.0,1973,1,1
the wicker man,62,9,0,0,88.0,1973,1,1
event horizon,167,9,60000000,26673242,96.0,1997,1,1
wilderness,336,9,0,0,93.0,2006,1,1
hellbound: hellraiser ii,440,9,0,12090735,97.0,1988,1,1
hellraiser,545,9,1000000,14564027,94.0,1987,1,1
twins of evil,720,9,0,0,87.0,1971,1,1
hands of the ripper,815,9,0,0,85.0,1971,1,1
isolation,834,9,5000000,0,95.0,2005,1,1
the relic,838,9,60000000,33956608,110.0,1997,1,1
child's play,130,9,9000000,44196684,90.0,1988,8,1
terror train,146,9,3500000,0,97.0,1980,8,1
silent hill: revelation 3d,336,9,20000000,52302796,95.0,2012,8,1
grave encounters,658,9,1000000,0,92.0,2011,8,1
rabid,680,9,530000,0,107.0,1977,8,1
they wait,797,9,0,0,99.0,2007,8,1
hello mary lou: prom night ii,886,9,0,2683519,97.0,1987,8,1
grave encounters 2,902,9,0,0,95.0,2012,8,1
final girl,910,9,0,0,90.0,2015,8,1
loverboy,961,9,0,0,99.0,2005,8,1
loverboy,961,9,0,3960327,99.0,2005,8,1
anguish,915,9,0,0,86.0,2015,18,1
phenomena,585,9,3800000,0,116.0,1985,23,1
black sunday,754,9,0,0,87.0,1977,23,1
frankenstein's army,864,9,0,0,84.0,2013,31,1
don't be afraid of the dark,280,10,25000000,36993168,99.0,2010,0,1
don't be afraid of the dark,280,10,0,0,99.0,2010,0,1
southbound,438,10,0,0,89.0,2015,0,1
creepshow 2,794,10,3500000,14000000,92.0,1987,0,1
triangle,284,10,12000000,0,99.0,2009,1,1
test,805,11,0,0,101.0,2013,1,1
the ninth gate,3,11,38000000,58401898,133.0,1999,6,1
the watcher,352,11,33000000,0,103.0,2000,8,1
liquid sky,642,13,0,0,112.0,1982,0,1
eye of the needle,625,12,0,18000000,112.0,1981,1,1
tower block,906,15,0,0,90.0,2012,1,1
the statement,530,15,0,0,120.0,2003,8,1
essential killing,781,15,3167000,0,83.0,2010,30,1
raiders of the lost ark,5,0,18000000,389925971,115.0,1981,0,2
indiana jones and the temple of doom,5,0,28000000,333000000,118.0,1984,0,2
mighty joe young,68,0,90000000,0,114.0,1998,0,2
the spiderwick chronicles,132,0,90000000,162839667,96.0,2008,0,2
around the world in 80 days,153,0,110000000,72178895,120.0,2004,0,2
willow,155,0,35000000,57269863,126.0,1988,0,2
race to witch mountain,263,0,50000000,106303988,98.0,2009,0,2
tremors 3: back to perfection,300,0,0,0,104.0,2001,0,2
the last airbender,342,0,150000000,318502923,103.0,2010,0,2
dragonheart: a new beginning,349,0,0,0,84.0,2000,0,2
spy kids: all the time in the world,354,0,27000000,85564310,89.0,2011,0,2
zoom,361,0,35000000,12506188,93.0,2006,0,2
star trek ii: the wrath of khan,377,0,12000000,96800000,113.0,1982,0,2
star trek vi: the undiscovered country,377,0,27000000,96900000,110.0,1991,0,2
star trek iii: the search for spock,406,0,18000000,87000000,105.0,1984,0,2
the wrecking crew,415,0,0,0,105.0,2008,0,2
star trek: insurrection,430,0,70000000,118000000,103.0,1998,0,2
operation dumbo drop,432,0,0,0,107.0,1995,0,2
the jewel of the nile,454,0,25000000,96773200,106.0,1985,0,2
the mechanic,470,0,40000000,51070807,93.0,1972,0,2
the mechanic,470,0,0,0,93.0,1972,0,2
star trek v: the final frontier,476,0,30000000,70200000,107.0,1989,0,2
the pink panther 2,481,0,0,75871032,92.0,2009,0,2
convoy,499,0,12000000,22765081,110.0,1978,0,2
the rocketeer,508,0,42000000,62000000,108.0,1991,0,2
dick tracy,548,0,47000000,103738726,105.0,1990,0,2
burn notice: the fall of sam axe,612,0,0,0,120.0,2011,0,2
dragonslayer,617,0,18000000,6000000,108.0,1981,0,2
robin hood,687,0,200000000,310669540,140.0,1922,0,2
robin hood,687,0,15000000,32056467,140.0,1922,0,2
gone in 60 seconds,772,0,0,0,118.0,1974,0,2
the chronicles of narnia: prince caspian,825,0,225000000,419651413,150.0,2008,0,2
battle beyond the stars,854,0,2000000,11000000,104.0,1980,0,2
starcrash,957,0,0,0,92.0,1978,0,2
star wars: episode ii - attack of the clones,1022,0,120000000,649398328,142.0,2002,0,2
star wars: episode i - the phantom menace,1022,0,115000000,924317558,136.0,1999,0,2
national treasure: book of secrets,1024,0,130000000,457363168,124.0,2007,0,2
pete's dragon,1029,0,10000000,0,102.0,2016,0,2
tron,1031,0,17000000,33000000,125.0,1982,0,2
tron: legacy,1031,0,170000000,400062763,125.0,2010,0,2
george of the jungle,1075,0,55000000,0,92.0,1997,0,2
the black hole,1098,0,0,0,98.0,1979,0,2
the black hole,1098,0,3500000,0,98.0,1979,0,2
the black hole,1098,0,20000000,35841901,98.0,1979,0,2
g-force,1114,0,150000000,292817841,88.0,2009,0,2
"honey, we shrunk ourselves",1122,0,7000000,0,74.0,1997,0,2
romancing the stone,2,0,10000000,86572238,106.0,1984,16,2
johnny english reborn,244,0,45000000,160078586,101.0,2011,1,2
hanover street,838,0,0,0,109.0,1979,1,2
the phantom,432,0,0,0,100.0,1996,10,2
the phantom,432,0,45000000,17300889,100.0,1996,10,2
crocodile dundee in los angeles,432,0,21150000,39438674,92.0,2001,10,2
back to the future,2,1,19000000,381109762,116.0,1985,0,2
back to the future part ii,2,1,40000000,332000000,108.0,1989,0,2
back to the future part iii,2,1,40000000,244527583,118.0,1990,0,2
the bfg,5,1,0,0,117.0,2016,0,2
white fang,179,1,14000000,34793160,107.0,2018,0,2
flight of the navigator,179,1,0,18564613,90.0,1986,0,2
honey i blew up the kid,179,1,40000000,58662452,89.0,1992,0,2
popeye,214,1,20000000,0,114.0,1980,0,2
mirror mirror,235,1,85000000,183018522,106.0,2012,0,2
explorers,258,1,25000000,9873044,109.0,1985,0,2
earth to echo,270,1,13000000,45300000,91.0,2014,0,2
the cat in the hat,332,1,0,0,82.0,2003,0,2
snow day,346,1,0,0,89.0,2000,0,2
jem and the holograms,347,1,5000000,2333684,118.0,2015,0,2
bill & ted's bogus journey,361,1,0,0,93.0,1991,0,2
tom and huck,361,1,0,0,97.0,1995,0,2
the princess bride,373,1,16000000,30857814,98.0,1987,0,2
the adventures of huck finn,425,1,0,0,108.0,1993,0,2
free willy,432,1,20000000,153698625,112.0,1993,0,2
star trek: the motion picture,437,1,35000000,139000000,132.0,1979,0,2
free willy 3: the rescue,490,1,0,0,86.0,1997,0,2
"honey, i shrunk the kids",508,1,32000000,222724172,93.0,1989,0,2
attack of the killer tomatoes!,894,1,90000,0,83.0,1978,0,2
cool runnings,1024,1,14000000,154864401,98.0,1993,0,2
the parent trap,1025,1,0,0,128.0,1998,0,2
the parent trap,1025,1,0,0,128.0,1998,0,2
holes,1028,1,20000000,0,117.0,2003,0,2
eight below,1038,1,40000000,120455994,120.0,2006,0,2
muppets most wanted,1055,1,50000000,80383113,107.0,2014,0,2
the journey of natty gann,1056,1,0,2135577,101.0,1985,0,2
iron will,1080,1,0,0,108.0,1994,0,2
the lizzie mcguire movie,1095,1,17000000,55534455,94.0,2003,0,2
a wrinkle in time,1110,1,0,0,109.0,2018,0,2
camp nowhere,1117,1,0,0,96.0,1994,0,2
a kid in king arthur's court,1132,1,0,0,89.0,1995,0,2
george of the jungle 2,1133,1,0,0,87.0,2003,0,2
monty python and the holy grail,9,1,400000,5028948,91.0,1975,1,2
charlie and the chocolate factory,48,1,150000000,474968763,115.0,2005,1,2
the first great train robbery,655,1,6000000,0,110.0,1978,1,2
from time to time,798,1,0,0,92.0,2010,1,2
"the chronicles of narnia: the lion, the witch and the wardrobe",825,1,180000000,748806957,143.0,2005,1,2
"the chronicles of narnia: the lion, the witch and the wardrobe",825,1,0,0,143.0,2005,1,2
the adventurer: the curse of the midas box,916,1,25000000,6399,100.0,2013,1,2
return to oz,1064,1,25000000,11137801,113.0,1985,1,2
stuart little,190,1,133000000,300135367,84.0,1999,2,2
the snow walker,217,1,0,0,103.0,2003,8,2
snow dogs,1115,1,33000000,0,99.0,2002,8,2
gallipoli,537,1,0,5732587,110.0,1981,10,2
oddball,672,1,0,0,95.0,2015,10,2
bmx bandits,813,1,980385,0,88.0,1983,10,2
fitzcarraldo,521,1,0,0,158.0,1982,22,2
who framed roger rabbit,2,6,70000000,329803958,104.0,1988,0,2
the adventures of tintin,5,6,130000000,371940071,107.0,2011,0,2
despicable me,25,6,69000000,543513985,95.0,2010,0,2
corpse bride,48,6,40000000,117195061,77.0,2005,0,2
frankenweenie,48,6,39000000,81491068,87.0,2012,0,2
frankenweenie,48,6,0,0,87.0,2012,0,2
kung fu panda 2,57,6,150000000,665692281,90.0,2011,0,2
bolt,59,6,150000000,309979994,96.0,2008,0,2
the little mermaid,61,6,40000000,211343479,83.0,2018,0,2
treasure planet,61,6,140000000,109578115,95.0,2002,0,2
the croods,69,6,135000000,585178928,98.0,2013,0,2
rango,94,6,135000000,245724603,107.0,2011,0,2
madagascar: escape 2 africa,105,6,150000000,603900354,89.0,2008,0,2
antz,105,6,60000000,171757863,83.0,1998,0,2
turbo,133,6,135000000,282570682,96.0,2013,0,2
the little mermaid: ariel's beginning,162,6,0,0,77.0,2008,0,2
bee movie,184,6,150000000,287594577,91.0,2007,0,2
the ant bully,196,6,50000000,55181129,88.0,2006,0,2
open season,206,6,85000000,197309027,86.0,2006,0,2
mars needs moms,256,6,150000000,38992758,88.0,2011,0,2
hop,293,6,63000000,183953723,95.0,2011,0,2
rugrats go wild,325,6,0,0,80.0,2003,0,2
hoodwinked too! hood vs. evil,359,6,30000000,13521829,86.0,2011,0,2
megamind,383,6,130000000,321885765,95.0,2010,0,2
the prince of egypt,390,6,70000000,218613188,99.0,1998,0,2
free birds,392,6,55000000,110000000,91.0,2013,0,2
monster house,405,6,75000000,140175006,91.0,2006,0,2
the road to el dorado,418,6,95000000,76432727,89.0,2000,0,2
sinbad: legend of the seven seas,447,6,60000000,26288320,86.0,2003,0,2
legends of oz: dorothy's return,493,6,70000000,18662027,88.0,2014,0,2
home on the range,493,6,110000000,103951461,76.0,2004,0,2
up,502,6,175000000,731342744,96.0,2009,0,2
happily n'ever after,969,6,0,0,75.0,2006,0,2
coco,998,6,0,0,105.0,2017,0,2
the incredibles,999,6,92000000,631442092,115.0,2004,0,2
big hero 6,1002,6,165000000,652105443,102.0,2014,0,2
frozen,1003,6,0,3065860,102.0,2013,0,2
frozen,1003,6,150000000,1274219009,102.0,2013,0,2
the nightmare before christmas,1004,6,18000000,75634409,76.0,1993,0,2
tangled,1005,6,260000000,591794936,100.0,2010,0,2
wreck-it ralph,1006,6,165000000,471222889,101.0,2012,0,2
ice age,1010,6,59000000,383257136,81.0,2002,0,2
brave,1012,6,185000000,538983207,93.0,2012,0,2
lilo & stitch,1018,6,80000000,145771527,85.0,2002,0,2
the black cauldron,1027,6,25000000,21288692,80.0,1985,0,2
the good dinosaur,1030,6,175000000,331926147,93.0,2015,0,2
atlantis: the lost empire,1049,6,120000000,186053725,95.0,2001,0,2
dinosaur,1059,6,127500000,354248063,82.0,2000,0,2
lilo & stitch 2: stitch has a glitch,1086,6,0,0,68.0,2005,0,2
brother bear 2,1088,6,0,0,74.0,2006,0,2
the little mermaid ii: return to the sea,1094,6,0,0,75.0,2000,0,2
arthur christmas,87,6,0,0,97.0,2011,1,2
the pirates! in an adventure with scientists!,385,6,60000000,118338361,88.0,2012,1,2
james and the giant peach,1004,6,38000000,28921264,79.0,1996,1,2
the little prince,52,6,64000000,97571250,108.0,2015,6,2
looney tunes: back in action,258,6,80000000,68514844,93.0,2003,2,2
song of the sea,38,6,0,857522,93.0,2014,4,2
planet 51,472,6,70000000,104945765,91.0,2009,18,2
the natural,85,3,28000000,47951979,138.0,1984,0,2
the conversation,88,3,1600000,4420000,113.0,1974,0,2
urban cowboy,203,3,0,0,132.0,1980,0,2
dolphin tale 2,217,3,36000000,52424533,107.0,2014,0,2
god's not dead,301,3,17000000,29789000,113.0,2014,0,2
coherence,379,3,0,102617,89.0,2013,0,2
meek's cutoff,434,3,0,876302,104.0,2010,0,2
a bridge too far,553,3,22000000,50750000,175.0,1977,0,2
death of a salesman,571,3,0,0,136.0,1985,0,2
fat city,594,3,0,0,96.0,1972,0,2
the ultimate gift,664,3,0,0,114.0,2006,0,2
the front,676,3,0,0,95.0,1976,0,2
evelyn,726,3,0,0,94.0,2002,0,2
letters to god,810,3,0,0,110.0,2010,0,2
the ultimate life,923,3,0,0,105.0,2013,0,2
sparkle,978,3,14000000,24637469,116.0,2007,0,2
newsies,1041,3,15000000,0,121.0,1992,0,2
tuck everlasting,1063,3,0,0,90.0,2002,0,2
the last song,1074,3,0,0,107.0,2010,0,2
hugo,6,3,170000000,185770160,126.0,2011,1,2
asylum,72,3,22000000,0,99.0,1972,1,2
asylum,72,3,0,0,99.0,1972,1,2
ballet shoes,591,3,0,0,85.0,2008,1,2
the secret,239,4,0,0,106.0,2006,0,2
benji,246,4,0,0,87.0,2018,11,2
murder on the orient express,507,4,0,27634716,114.0,1974,21,2
big miracle,185,2,40000000,24719215,107.0,2012,0,2
soul surfer,188,2,18000000,47088990,112.0,2011,0,2
invincible,341,2,0,57806952,137.0,2006,0,2
escape from alcatraz,376,2,8000000,43000000,112.0,1979,0,2
temple grandin,514,2,0,0,107.0,2010,0,2
reds,548,2,32000000,40382659,195.0,1981,0,2
secretariat,647,2,35000000,60251371,123.0,2010,0,2
remember the titans,975,2,30000000,136706683,113.0,2000,0,2
the greatest game ever played,1046,2,25000000,15431177,120.0,2005,0,2
cantinflas,473,2,0,0,102.0,2014,16,2
10 rillington place,646,2,0,0,111.0,1971,1,2
nicholas and alexandra,759,2,0,0,183.0,1971,1,2
miracle,77,2,28000000,64445708,135.0,2004,8,2
the last waltz,6,7,0,321952,117.0,1978,0,2
jiro dreams of sushi,47,7,0,2550508,81.0,2011,0,2
inequality for all,117,7,0,0,89.0,2013,0,2
being elmo: a puppeteer's journey,136,7,0,286201,80.0,2011,0,2
forks over knives,186,7,0,664747,96.0,2011,0,2
"food, inc.",387,7,0,0,94.0,2008,0,2
the queen of versailles,413,7,0,714544,100.0,2012,0,2
ballet 422,467,7,0,0,75.0,2014,0,2
the endless summer,551,7,0,0,95.0,1966,0,2
who killed the electric car?,572,7,1000000,1678874,92.0,2006,0,2
grey gardens,586,7,12000000,0,95.0,2009,0,2
grey gardens,586,7,0,0,95.0,2009,0,2
alive inside,601,7,0,0,78.0,2014,0,2
we are legion: the story of the hacktivists,636,7,0,0,93.0,2012,0,2
meet the patels,639,7,0,0,88.0,2015,0,2
art & copy,860,7,0,0,89.0,2009,0,2
waking sleeping beauty,1071,7,0,80,86.0,2009,0,2
pantani: the accidental death of a cyclist,711,7,0,0,96.0,2014,1,2
that sugar film,651,7,0,0,90.0,2014,10,2
antarctica: a year on ice,663,7,1000000,0,91.0,2013,24,2
groundhog day,10,5,14600000,70906973,101.0,1993,0,2
the hundred-foot journey,33,5,22000000,88880821,122.0,2014,0,2
terms of endearment,34,5,8000000,0,132.0,1983,0,2
tootsie,66,5,21000000,177200000,116.0,1982,0,2
it takes two,97,5,0,0,101.0,1995,0,2
freaky friday,132,5,26000000,110230332,97.0,2003,0,2
freaky friday,132,5,0,0,97.0,2003,0,2
my girl,134,5,16500000,0,102.0,1991,0,2
turner & hooch,146,5,0,71079915,97.0,1989,0,2
how the grinch stole christmas,155,5,123000000,345141403,104.0,2000,0,2
splash,155,5,8000000,69821334,111.0,1984,0,2
the haunted mansion,190,5,90000000,182290266,99.0,2003,0,2
the first wives club,200,5,26000000,116400000,103.0,1996,0,2
the money pit,209,5,10000000,54999651,91.0,1986,0,2
nacho libre,252,5,32000000,80197993,92.0,2006,0,2
what a girl wants,261,5,0,0,105.0,2003,0,2
the game plan,263,5,22000000,147880543,110.0,2007,0,2
for love or money,298,5,30000000,11146270,96.0,1993,0,2
heavyweights,305,5,0,17689177,100.0,1995,0,2
"yours, mine & ours",317,5,45000000,72028752,88.0,2005,0,2
home alone 3,317,5,32000000,79082515,102.0,1997,0,2
imagine that,320,5,55000000,0,107.0,2009,0,2
sleepover,322,5,0,0,89.0,2004,0,2
prom,322,5,8000000,10130000,104.0,2011,0,2
major league ii,323,5,0,30626182,105.0,1994,0,2
shorts,354,5,40000000,28972508,89.0,2009,0,2
the graduate,372,5,3000000,104397102,106.0,1967,0,2
leap year,451,5,19000000,29922472,100.0,2010,0,2
girls just want to have fun,459,5,0,0,90.0,1985,0,2
airplane!,505,5,3500000,83453539,88.0,1980,0,2
big business,505,5,0,0,97.0,1988,0,2
harold and maude,516,5,1200000,0,91.0,1971,0,2
moonstruck,530,5,0,80640528,102.0,1987,0,2
canadian bacon,574,5,11000000,178104,91.0,1995,0,2
carpool,602,5,17000000,0,89.0,1996,0,2
mr. mom,623,5,0,64783827,91.0,1983,0,2
the cutting edge,638,5,0,25105517,101.0,1992,0,2
kazaam,638,5,20000000,0,93.0,1996,0,2
baby boom,671,5,0,0,110.0,1987,0,2
airplane ii: the sequel,702,5,0,27150534,85.0,1982,0,2
blank check,706,5,13000000,0,93.0,1994,0,2
once i was a beehive,748,5,0,732655,119.0,2015,0,2
the front page,757,5,4000000,0,101.0,1931,0,2
goin' south,790,5,0,0,105.0,1978,0,2
blue hawaii,800,5,0,0,102.0,1961,0,2
little secrets,823,5,0,0,96.0,2001,0,2
delirious,857,5,0,0,96.0,1991,0,2
breakin' 2: electric boogaloo,874,5,0,0,94.0,1984,0,2
almost an angel,921,5,0,0,95.0,1990,0,2
alien trespass,941,5,0,0,90.0,2009,0,2
house arrest,942,5,0,0,108.0,1996,0,2
twitches,971,5,0,0,86.0,2005,0,2
teen wolf too,988,5,0,0,95.0,1987,0,2
sister act,1039,5,31000000,231605150,100.0,1992,0,2
the santa clause,1040,5,22000000,189833357,97.0,1994,0,2
jungle 2 jungle,1040,5,0,0,105.0,1997,0,2
hocus pocus,1041,5,28000000,39514713,96.0,1993,0,2
diary of a wimpy kid,1069,5,15000000,75700498,120.0,2010,0,2
the odd life of timothy green,1070,5,0,51854875,105.0,2012,0,2
bedtime stories,1077,5,80000000,212874442,99.0,2008,0,2
cheaper by the dozen,1078,5,40000000,190212113,98.0,2003,0,2
because of winn-dixie,1083,5,14000000,32645546,106.0,2005,0,2
camp rock 2: the final jam,1089,5,0,0,97.0,2010,0,2
rookie of the year,1096,5,0,53579269,103.0,1993,0,2
sister act 2: back in the habit,1097,5,38000000,57319029,107.0,1993,0,2
flubber,1100,5,80000000,177977226,93.0,1997,0,2
dr. dolittle 2,1116,5,70000000,176104344,87.0,2001,0,2
little monsters,275,5,7000000,793775,93.0,1989,1,2
get santa,284,5,0,0,102.0,2014,1,2
the pink panther strikes again,560,5,6000000,33833201,103.0,1976,1,2
rosencrantz & guildenstern are dead,584,5,0,0,117.0,1991,1,2
penelope,596,5,15000000,0,104.0,2006,1,2
confessions of a teenage drama queen,1125,5,15000000,29331068,89.0,2004,2,2
khoobsurat,254,5,0,0,130.0,2014,3,2
meatballs,218,5,0,0,94.0,1979,8,2
the perfect game,744,5,12500000,3878993,118.0,2010,8,2
transylvania 6-5000,939,5,0,0,93.0,1985,35,2
teen beach movie,1051,8,0,0,110.0,2013,0,2
first kid,1129,8,0,0,101.0,1996,0,2
bad company,170,9,70000000,65977295,84.0,1972,0,2
carnival of souls,565,9,30000,0,78.0,1962,0,2
the house that dripped blood,699,9,0,0,102.0,1971,1,2
the oblong box,890,9,175000,0,96.0,1969,1,2
the wild,172,0,80000000,37384046,117.0,2006,0,3
the italian job,532,0,60000000,176070171,111.0,1969,0,3
mulan,1008,0,90000000,304320254,115.0,1998,0,3
muppet treasure island,1026,0,0,34327391,99.0,1996,0,3
journey to the center of the earth,1052,0,0,0,93.0,1959,0,3
journey to the center of the earth,1052,0,45000000,101702060,93.0,1959,0,3
deep blue,1084,0,0,0,105.0,2003,0,3
herbie goes to monte carlo,1107,0,0,0,105.0,1977,0,3
inspector gadget 2,1130,0,80000000,0,89.0,2003,0,3
tarzan,45,0,0,0,110.0,1999,1,3
tarzan,45,0,0,0,110.0,1999,1,3
battle of britain,609,0,12000000,0,132.0,1969,1,3
the young and prodigious t.s. spivet,631,0,33000000,9494789,105.0,2013,6,3
alice in wonderland,48,1,200000000,1025467110,108.0,1951,0,3
alice in wonderland,48,1,21000000,0,108.0,1951,0,3
alice in wonderland,48,1,0,0,108.0,1951,0,3
college road trip,177,1,0,68397662,83.0,2008,0,3
homeward bound ii: lost in san francisco,178,1,0,32709423,88.0,1996,0,3
escape to witch mountain,720,1,0,20000000,97.0,1975,0,3
gulliver's travels,787,1,112000000,237382724,85.0,1939,0,3
gulliver's travels,787,1,28000000,0,85.0,1939,0,3
aladdin,1001,1,28000000,504050219,128.0,1992,0,3
homeward bound: the incredible journey,1034,1,0,0,84.0,1993,0,3
halloweentown,1034,1,0,0,84.0,1998,0,3
102 dalmatians,1045,1,85000000,183611771,100.0,2000,0,3
adventures in babysitting,1058,1,0,34368475,102.0,2016,0,3
101 dalmatians,1073,1,54000000,320689294,103.0,1996,0,3
the santa clause 3: the escape clause,1076,1,0,84500122,97.0,2006,0,3
herbie goes bananas,1107,1,0,0,100.0,1980,0,3
herbie fully loaded,1109,1,50000000,66002004,101.0,2005,0,3
benji the hunted,1111,1,0,0,88.0,1987,0,3
chitty chitty bang bang,147,1,10000000,0,144.0,1968,1,3
the jungle book,510,1,0,0,106.0,1967,1,3
the jungle book,510,1,4000000,205843612,106.0,1967,1,3
peter pan,1019,1,100000000,121975011,113.0,1953,1,3
peter pan,1019,1,0,0,113.0,1953,1,3
the great muppet caper,1050,1,0,0,97.0,1981,1,3
the polar express,2,6,165000000,305875730,100.0,2004,0,3
the princess and the frog,61,6,105000000,267045765,97.0,2009,0,3
the great mouse detective,61,6,14000000,82424789,74.0,1986,0,3
scooby-doo on zombie island,102,6,0,0,77.0,1998,0,3
tinker bell and the legend of the neverbeast,158,6,0,0,76.0,2014,0,3
tarzan & jane,158,6,0,0,75.0,2002,0,3
tinker bell and the pirate fairy,162,6,0,20300000,78.0,2014,0,3
stuart little 2,190,6,120000000,169956806,77.0,2002,0,3
jimmy neutron: boy genius,196,6,25000000,80936232,82.0,2001,0,3
chicken little,241,6,150000000,314432665,81.0,2005,0,3
the emperor's new groove,241,6,100000000,169327687,78.0,2000,0,3
the rugrats movie,268,6,0,100491683,79.0,1998,0,3
tarzan ii,324,6,0,0,72.0,2005,0,3
horton hears a who!,392,6,85000000,297138014,86.0,2008,0,3
spirit: stallion of the cimarron,403,6,80000000,122563539,83.0,2002,0,3
the swan princess,446,6,35000000,9771658,93.0,1994,0,3
"monsters, inc.",502,6,115000000,562816256,92.0,2001,0,3
the lion king,510,6,45000000,788241776,118.0,1994,0,3
anastasia,847,6,53000000,139804348,94.0,1997,0,3
toy story,995,6,30000000,361958736,81.0,1995,0,3
toy story 2,995,6,90000000,485015179,92.0,1999,0,3
cars,995,6,120000000,461983149,117.0,2006,0,3
a bug's life,995,6,120000000,363398565,95.0,1998,0,3
cars 2,995,6,200000000,559852396,106.0,2011,0,3
finding nemo,997,6,94000000,864625978,100.0,2003,0,3
toy story 3,998,6,200000000,1063171911,103.0,2010,0,3
ratatouille,999,6,150000000,623722818,111.0,2007,0,3
bedknobs and broomsticks,1007,6,20000000,0,117.0,1971,0,3
monsters university,1011,6,200000000,743559607,104.0,2013,0,3
one hundred and one dalmatians,1015,6,4000000,215880014,79.0,1961,0,3
the many adventures of winnie the pooh,1021,6,0,0,74.0,1977,0,3
the rescuers,1021,6,1200000,71215869,78.0,1977,0,3
mickey's christmas carol,1023,6,3000000,21000000,26.0,1983,0,3
the fox and the hound,1027,6,12000000,29800000,83.0,1981,0,3
the sword in the stone,1033,6,0,0,79.0,1963,0,3
the aristocats,1033,6,4000000,55675257,78.0,1970,0,3
meet the robinsons,1035,6,150000000,169332978,95.0,2007,0,3
fantasia 2000,1036,6,80000000,90874570,75.0,1999,0,3
tinker bell,1037,6,48000000,0,78.0,2008,0,3
tinker bell and the great fairy rescue,1037,6,0,0,76.0,2010,0,3
the hunchback of notre dame ii,1037,6,0,0,68.0,2002,0,3
phineas and ferb the movie: across the 2nd dimension,1042,6,0,0,78.0,2011,0,3
a goofy movie,1045,6,0,35348597,78.0,1995,0,3
tinker bell and the lost treasure,1047,6,0,0,81.0,2009,0,3
the rescuers down under,1048,6,37931000,27931461,77.0,1990,0,3
brother bear,1054,6,100000000,250,85.0,2003,0,3
secret of the wings,1057,6,0,0,75.0,2012,0,3
oliver & company,1060,6,0,0,74.0,1988,0,3
pooh's heffalump movie,1067,6,0,0,68.0,2005,0,3
cinderella iii: a twist in time,1067,6,8000000,0,74.0,2007,0,3
the tigger movie,1072,6,30000000,45554533,77.0,2000,0,3
mickey's once upon a christmas,1072,6,0,0,66.0,1999,0,3
an extremely goofy movie,1079,6,0,0,79.0,2000,0,3
aladdin and the king of thieves,1081,6,0,0,81.0,1996,0,3
piglet's big movie,1082,6,0,0,75.0,2003,0,3
recess: school's out,1090,6,10000000,44460850,82.0,2001,0,3
bambi ii,1091,6,0,0,75.0,2006,0,3
101 dalmatians ii: patch's london adventure,1094,6,0,0,74.0,2003,0,3
the fox and the hound 2,1094,6,24000000,0,69.0,2006,0,3
lady and the tramp ii: scamp's adventure,1099,6,0,0,69.0,2001,0,3
the return of jafar,1101,6,0,0,69.0,1994,0,3
"mickey, donald, goofy: the three musketeers",1103,6,0,0,68.0,2004,0,3
pooh's grand adventure: the search for christopher robin,1104,6,0,0,76.0,1997,0,3
return to never land,1105,6,20000000,109862682,72.0,2002,0,3
leroy & stitch,1108,6,0,0,73.0,2006,0,3
stitch! the movie,1108,6,0,0,60.0,2003,0,3
pocahontas ii: journey to a new world,1121,6,0,0,72.0,1998,0,3
the jungle book 2,1123,6,20000000,135680000,72.0,2003,0,3
the brave little toaster to the rescue,1126,6,0,0,74.0,1997,0,3
cinderella ii: dreams come true,1127,6,5000000,0,73.0,2002,0,3
belle's magical world,1128,6,0,0,92.0,1998,0,3
doug's 1st movie,1131,6,0,0,77.0,1999,0,3
postman pat: the movie,359,6,0,0,88.0,2014,1,3
chicken run,385,6,45000000,224834564,84.0,2000,1,3
valiant,1119,6,35000000,19478106,76.0,2005,1,3
ducktales: the movie - treasure of the lost lamp,1044,6,0,0,74.0,1990,6,3
ooops! noah is gone...,855,6,6000000,0,87.0,2015,2,3
arjun: the warrior prince,315,6,0,0,96.0,2012,3,3
rock-a-doodle,847,6,18000000,11657385,74.0,1991,4,3
the pebble and the penguin,847,6,28000000,3983912,74.0,1995,4,3
thumbelina,847,6,28000000,11373501,86.0,1994,4,3
khumba,884,6,20000000,27187375,85.0,2013,5,3
beauty and the beast: the enchanted christmas,1112,6,0,0,72.0,1997,8,3
maya the bee movie,898,6,0,0,89.0,2014,10,3
the house of magic,730,6,34000000,0,85.0,2013,29,3
fiddler on the roof,530,3,9000000,10404330,181.0,1971,0,3
d.o.a.,621,3,0,12706478,83.0,1950,0,3
joshua,862,3,0,719968,106.0,2002,0,3
i am here,990,3,0,0,97.0,2014,2,3
pinocchio,1016,3,0,0,120.0,1940,23,3
fresh,975,4,0,0,114.0,2009,0,3
the snowman,78,4,0,0,119.0,1982,1,3
amazing grace,163,2,0,0,118.0,2018,0,3
the greatest story ever told,287,2,20000000,12000000,260.0,1965,0,3
the sound of music,437,2,8200000,163214286,172.0,1965,0,3
walt before mickey,909,2,0,0,107.0,2015,0,3
the straight story,1014,2,10000000,0,112.0,1999,6,3
the pixar story,129,7,0,0,88.0,2007,0,3
monkey kingdom,1061,7,0,16661077,81.0,2015,0,3
african cats,1062,7,0,15240456,89.0,2011,0,3
aliens of the deep,1102,7,0,0,100.0,2005,0,3
hannah montana & miley cyrus: best of both worlds concert,1120,7,0,0,74.0,2008,0,3
jonas brothers: the concert experience,1120,7,0,0,76.0,2009,0,3
oceans,150,7,0,19406406,104.0,2009,6,3
rivers and tides,615,7,0,0,90.0,2001,2,3
master of the universe,701,7,0,0,88.0,2013,27,3
chimpanzee,1065,7,0,0,78.0,2012,37,3
the even stevens movie,188,5,0,0,93.0,2003,0,3
the princess diaries,286,5,37000000,165335153,111.0,2001,0,3
the princess diaries 2: royal engagement,286,5,40000000,95149435,113.0,2004,0,3
charlotte's web,422,5,85000000,144,97.0,1973,0,3
charlotte's web,422,5,0,0,97.0,1973,0,3
hannah montana: the movie,444,5,35000000,155545279,102.0,2009,0,3
support your local sheriff,611,5,0,0,92.0,1969,0,3
ice princess,643,5,25000000,27645491,98.0,2005,0,3
mary poppins,1007,5,6000000,102272727,139.0,1964,0,3
that darn cat!,1007,5,0,0,116.0,1965,0,3
the love bug,1007,5,0,0,108.0,1968,0,3
the love bug,1007,5,0,0,108.0,1968,0,3
blackbeard's ghost,1007,5,0,0,106.0,1968,0,3
the absent-minded professor,1007,5,0,0,92.0,1961,0,3
herbie rides again,1007,5,0,0,88.0,1974,0,3
miracle on 34th street,1020,5,0,46264384,96.0,1947,0,3
the muppet christmas carol,1026,5,0,27281507,85.0,1992,0,3
descendants,1041,5,0,0,112.0,2015,0,3
high school musical,1041,5,4200000,0,98.0,2006,0,3
high school musical 2,1041,5,0,7000000,104.0,2007,0,3
high school musical 3: senior year,1041,5,0,0,112.0,2008,0,3
pollyanna,1053,5,0,0,134.0,1960,0,3
camp rock,1066,5,0,0,94.0,2008,0,3
princess protection program,1068,5,0,0,90.0,2009,0,3
the santa clause 2,1076,5,65000000,172855065,104.0,2002,0,3
sharpay's fabulous adventure,1076,5,0,0,90.0,2011,0,3
jump in!,1089,5,0,0,85.0,2007,0,3
the cheetah girls: one world,1089,5,0,0,90.0,2008,0,3
the apple dumpling gang,1093,5,0,0,100.0,1975,0,3
the cat from outer space,1093,5,0,0,104.0,1978,0,3
babes in toyland,1113,5,0,0,106.0,1961,0,3
the computer wore tennis shoes,1118,5,0,0,91.0,1969,0,3
i'll be home for christmas,1124,5,30000000,0,86.0,1998,0,3
winnie the pooh,1032,5,30000000,14460000,104.0,2011,1,3
the cheetah girls,1092,5,0,0,100.0,2003,8,3
willy wonka & the chocolate factory,32,8,3000000,4000000,100.0,1971,0,3
return from witch mountain,720,8,0,16393000,95.0,1978,0,3
the shaggy dog,1106,8,50000000,61112916,104.0,1959,0,3
the shooting,667,14,75000,0,82.0,1966,0,3
sharknado,844,0,1000000,0,86.0,2013,0,4
sharknado 2: the second one,844,0,0,0,95.0,2014,0,4
sharknado 3: oh hell no!,844,0,0,0,93.0,2015,0,4
neds,637,3,0,0,124.0,2010,1,4
dhobi ghat,266,3,0,0,100.0,2010,3,4
jim gaffigan: obsessed,294,7,0,0,60.0,2014,0,4
nas: time is illmatic,605,7,0,0,74.0,2014,0,4
the sand,947,5,0,0,84.0,2015,0,4
patrick,321,5,0,0,94.0,2018,1,4
patrick,321,5,0,0,94.0,2018,1,4
cottage country,956,5,0,0,91.0,2013,8,4
